run_id,hk_ft_per_day,particle_id,point_id,x_ft,y_ft
run_12,18.959447,1,1,56382.900,49758.400
run_12,18.959447,1,2,56382.900,49758.400
run_12,18.959447,1,3,56468.100,49703.100
run_12,18.959447,1,4,56555.200,49649.800
run_12,18.959447,1,5,56644.600,49601.000
run_12,18.959447,1,6,56737.800,49561.100
run_12,18.959447,1,7,56835.700,49541.800
run_12,18.959447,1,8,56877.600,49548.300
run_12,18.959447,1,9,56877.600,49548.300
run_12,18.959447,1,10,56877.600,49548.300
run_12,18.959447,2,1,56383.000,49758.600
run_12,18.959447,2,2,56383.000,49758.600
run_12,18.959447,2,3,56474.500,49714.300
run_12,18.959447,2,4,56568.900,49675.600
run_12,18.959447,2,5,56667.100,49648.300
run_12,18.959447,2,6,56768.400,49642.500
run_12,18.959447,2,7,56864.100,49674.000
run_12,18.959447,2,8,56935.600,49744.300
run_12,18.959447,2,9,56956.300,49777.600
run_12,18.959447,2,10,56956.300,49777.600
run_12,18.959447,2,11,56956.300,49777.600
run_12,18.959447,3,1,56383.100,49758.900
run_12,18.959447,3,2,56383.100,49758.900
run_12,18.959447,3,3,56479.400,49726.300
run_12,18.959447,3,4,56578.700,49702.900
run_12,18.959447,3,5,56680.500,49697.500
run_12,18.959447,3,6,56779.300,49721.400
run_12,18.959447,3,7,56861.000,49781.200
run_12,18.959447,3,8,56915.800,49866.200
run_12,18.959447,3,9,56946.600,49962.700
run_12,18.959447,3,10,56954.500,50007.600
run_12,18.959447,3,11,56954.500,50007.600
run_12,18.959447,3,12,56954.500,50007.600
run_12,18.959447,4,1,56383.200,49759.100
run_12,18.959447,4,2,56383.200,49759.100
run_12,18.959447,4,3,56482.800,49738.800
run_12,18.959447,4,4,56584.500,49731.000
run_12,18.959447,4,5,56685.300,49746.400
run_12,18.959447,4,6,56775.600,49793.200
run_12,18.959447,4,7,56842.700,49869.400
run_12,18.959447,4,8,56883.500,49962.300
run_12,18.959447,4,9,56902.300,50062.000
run_12,18.959447,4,10,56903.900,50163.600
run_12,18.959447,4,11,56900.200,50208.300
run_12,18.959447,4,12,56900.200,50208.300
run_12,18.959447,4,13,56900.200,50208.300
run_12,18.959447,5,1,56383.200,49759.400
run_12,18.959447,5,2,56383.200,49759.400
run_12,18.959447,5,3,56484.500,49751.600
run_12,18.959447,5,4,56586.300,49759.400
run_12,18.959447,5,5,56682.500,49793.300
run_12,18.959447,5,6,56761.800,49857.100
run_12,18.959447,5,7,56815.400,49943.500
run_12,18.959447,5,8,56844.000,50041.000
run_12,18.959447,5,9,56852.200,50142.300
run_12,18.959447,5,10,56844.600,50243.700
run_12,18.959447,5,11,56824.100,50343.300
run_12,18.959447,5,12,56814.600,50377.000
run_12,18.959447,5,13,56814.600,50377.000
run_12,18.959447,5,14,56814.600,50377.000
run_12,18.959447,6,1,56383.200,49759.600
run_12,18.959447,6,2,56383.200,49759.600
run_12,18.959447,6,3,56484.700,49764.500
run_12,18.959447,6,4,56584.200,49787.300
run_12,18.959447,6,5,56673.200,49837.100
run_12,18.959447,6,6,56740.700,49913.400
run_12,18.959447,6,7,56781.900,50006.500
run_12,18.959447,6,8,56799.600,50106.600
run_12,18.959447,6,9,56798.500,50208.400
run_12,18.959447,6,10,56782.700,50308.800
run_12,18.959447,6,11,56755.100,50406.700
run_12,18.959447,6,12,56717.700,50501.300
run_12,18.959447,6,13,56710.500,50517.100
run_12,18.959447,6,14,56710.500,50517.100
run_12,18.959447,6,15,56710.500,50517.100
run_12,18.959447,7,1,56383.200,49759.900
run_12,18.959447,7,2,56383.200,49759.900
run_12,18.959447,7,3,56483.300,49777.300
run_12,18.959447,7,4,56578.500,49814.200
run_12,18.959447,7,5,56658.500,49877.400
run_12,18.959447,7,6,56714.200,49962.700
run_12,18.959447,7,7,56744.000,50060.100
run_12,18.959447,7,8,56752.000,50161.600
run_12,18.959447,7,9,56742.600,50262.900
run_12,18.959447,7,10,56719.500,50362.000
run_12,18.959447,7,11,56685.600,50458.000
run_12,18.959447,7,12,56642.700,50550.200
run_12,18.959447,7,13,56621.400,50589.700
run_12,18.959447,7,14,56621.400,50589.700
run_12,18.959447,7,15,56621.400,50589.700
run_12,18.959447,8,1,56383.100,49760.100
run_12,18.959447,8,2,56383.100,49760.100
run_12,18.959447,8,3,56480.300,49789.900
run_12,18.959447,8,4,56569.400,49839.600
run_12,18.959447,8,5,56639.400,49913.800
run_12,18.959447,8,6,56683.700,50005.600
run_12,18.959447,8,7,56703.000,50105.700
run_12,18.959447,8,8,56702.100,50207.500
run_12,18.959447,8,9,56685.200,50307.900
run_12,18.959447,8,10,56655.700,50405.300
run_12,18.959447,8,11,56616.200,50499.100
run_12,18.959447,8,12,56568.400,50589.000
run_12,18.959447,8,13,56513.800,50674.800
run_12,18.959447,8,14,56504.100,50688.800
run_12,18.959447,8,15,56504.100,50688.800
run_12,18.959447,8,16,56504.100,50688.800
run_12,18.959447,9,1,56383.000,49760.300
run_12,18.959447,9,2,56383.000,49760.300
run_12,18.959447,9,3,56475.800,49802.000
run_12,18.959447,9,4,56557.300,49863.300
run_12,18.959447,9,5,56616.800,49946.200
run_12,18.959447,9,6,56650.000,50042.600
run_12,18.959447,9,7,56659.700,50144.000
run_12,18.959447,9,8,56650.700,50245.500
run_12,18.959447,9,9,56627.000,50344.500
run_12,18.959447,9,10,56591.800,50440.100
run_12,18.959447,9,11,56547.400,50531.700
run_12,18.959447,9,12,56495.400,50619.200
run_12,18.959447,9,13,56437.200,50702.600
run_12,18.959447,9,14,56414.700,50731.900
run_12,18.959447,9,15,56414.700,50731.900
run_12,18.959447,9,16,56414.700,50731.900
run_12,18.959447,10,1,56382.900,49760.500
run_12,18.959447,10,2,56382.900,49760.500
run_12,18.959447,10,3,56469.800,49813.400
run_12,18.959447,10,4,56542.600,49884.900
run_12,18.959447,10,5,56591.200,49974.600
run_12,18.959447,10,6,56614.000,50073.900
run_12,18.959447,10,7,56614.800,50175.900
run_12,18.959447,10,8,56598.400,50276.400
run_12,18.959447,10,9,56568.500,50373.800
run_12,18.959447,10,10,56528.200,50467.300
run_12,18.959447,10,11,56479.400,50556.700
run_12,18.959447,10,12,56423.800,50642.000
run_12,18.959447,10,13,56362.500,50723.200
run_12,18.959447,10,14,56296.400,50800.600
run_12,18.959447,10,15,56294.100,50803.100
run_12,18.959447,10,16,56294.100,50803.100
run_12,18.959447,10,17,56294.100,50803.100
run_12,18.959447,11,1,56382.800,49760.800
run_12,18.959447,11,2,56382.800,49760.800
run_12,18.959447,11,3,56462.400,49823.900
run_12,18.959447,11,4,56525.600,49904.100
run_12,18.959447,11,5,56563.300,49998.900
run_12,18.959447,11,6,56576.300,50100.000
run_12,18.959447,11,7,56568.800,50201.700
run_12,18.959447,11,8,56545.600,50300.900
run_12,18.959447,11,9,56510.200,50396.500
run_12,18.959447,11,10,56465.300,50487.900
run_12,18.959447,11,11,56412.700,50575.100
run_12,18.959447,11,12,56353.900,50658.200
run_12,18.959447,11,13,56290.000,50737.500
run_12,18.959447,11,14,56221.800,50813.000
run_12,18.959447,11,15,56208.800,50826.500
run_12,18.959447,11,16,56208.800,50826.500
run_12,18.959447,11,17,56208.800,50826.500
run_12,18.959447,12,1,56382.600,49760.900
run_12,18.959447,12,2,56382.600,49760.900
run_12,18.959447,12,3,56453.800,49833.500
run_12,18.959447,12,4,56506.600,49920.900
run_12,18.959447,12,5,56533.700,50019.200
run_12,18.959447,12,6,56537.300,50121.100
run_12,18.959447,12,7,56522.200,50222.000
run_12,18.959447,12,8,56492.800,50319.600
run_12,18.959447,12,9,56452.400,50413.100
run_12,18.959447,12,10,56403.400,50502.400
run_12,18.959447,12,11,56347.400,50587.500
run_12,18.959447,12,12,56285.900,50668.700
run_12,18.959447,12,13,56219.800,50746.100
run_12,18.959447,12,14,56149.800,50820.000
run_12,18.959447,12,15,56126.800,50843.000
run_12,18.959447,12,16,56126.800,50843.000
run_12,18.959447,12,17,56126.800,50843.000
run_12,18.959447,13,1,56382.400,49761.100
run_12,18.959447,13,2,56382.400,49761.100
run_12,18.959447,13,3,56444.100,49841.900
run_12,18.959447,13,4,56486.000,49935.000
run_12,18.959447,13,5,56502.700,50035.600
run_12,18.959447,13,6,56497.500,50137.500
run_12,18.959447,13,7,56475.300,50237.000
run_12,18.959447,13,8,56440.300,50332.700
run_12,18.959447,13,9,56395.300,50424.200
run_12,18.959447,13,10,56342.600,50511.400
run_12,18.959447,13,11,56283.800,50594.500
run_12,18.959447,13,12,56219.900,50673.800
run_12,18.959447,13,13,56151.900,50749.700
run_12,18.959447,13,14,56080.600,50822.300
run_12,18.959447,13,15,56048.300,50853.400
run_12,18.959447,13,16,56048.300,50853.400
run_12,18.959447,13,17,56048.300,50853.400
run_12,18.959447,14,1,56382.200,49761.200
run_12,18.959447,14,2,56382.200,49761.200
run_12,18.959447,14,3,56433.400,49849.100
run_12,18.959447,14,4,56464.200,49946.400
run_12,18.959447,14,5,56470.800,50048.200
run_12,18.959447,14,6,56457.300,50149.300
run_12,18.959447,14,7,56428.600,50247.100
run_12,18.959447,14,8,56388.300,50340.800
run_12,18.959447,14,9,56339.300,50430.100
run_12,18.959447,14,10,56283.300,50515.300
run_12,18.959447,14,11,56221.900,50596.500
run_12,18.959447,14,12,56156.000,50674.200
run_12,18.959447,14,13,56086.500,50748.700
run_12,18.959447,14,14,56014.100,50820.200
run_12,18.959447,14,15,55939.200,50889.200
run_12,18.959447,14,16,55935.700,50892.400
run_12,18.959447,14,17,55935.700,50892.400
run_12,18.959447,14,18,55935.700,50892.400
run_12,18.959447,15,1,56382.000,49761.400
run_12,18.959447,15,2,56382.000,49761.400
run_12,18.959447,15,3,56421.900,49854.800
run_12,18.959447,15,4,56441.500,49955.000
run_12,18.959447,15,5,56438.400,50057.000
run_12,18.959447,15,6,56417.100,50156.800
run_12,18.959447,15,7,56382.300,50252.600
run_12,18.959447,15,8,56337.300,50344.100
run_12,18.959447,15,9,56284.500,50431.300
run_12,18.959447,15,10,56225.600,50514.400
run_12,18.959447,15,11,56161.900,50594.000
run_12,18.959447,15,12,56094.300,50670.200
run_12,18.959447,15,13,56023.600,50743.400
run_12,18.959447,15,14,55950.300,50814.100
run_12,18.959447,15,15,55874.900,50882.600
run_12,18.959447,15,16,55864.200,50892.000
run_12,18.959447,15,17,55864.200,50892.000
run_12,18.959447,15,18,55864.200,50892.000
run_12,18.959447,16,1,56381.800,49761.400
run_12,18.959447,16,2,56381.800,49761.400
run_12,18.959447,16,3,56409.800,49859.100
run_12,18.959447,16,4,56418.200,49960.900
run_12,18.959447,16,5,56405.700,50062.200
run_12,18.959447,16,6,56377.200,50160.100
run_12,18.959447,16,7,56336.700,50253.700
run_12,18.959447,16,8,56287.300,50342.900
run_12,18.959447,16,9,56231.100,50427.900
run_12,18.959447,16,10,56169.700,50509.200
run_12,18.959447,16,11,56104.000,50587.100
run_12,18.959447,16,12,56034.900,50662.000
run_12,18.959447,16,13,55963.100,50734.300
run_12,18.959447,16,14,55889.200,50804.200
run_12,18.959447,16,15,55813.400,50872.300
run_12,18.959447,16,16,55796.500,50887.200
run_12,18.959447,16,17,55796.500,50887.200
run_12,18.959447,16,18,55796.500,50887.200
run_12,18.959447,17,1,56381.500,49761.500
run_12,18.959447,17,2,56381.500,49761.500
run_12,18.959447,17,3,56397.300,49861.900
run_12,18.959447,17,4,56394.600,49964.000
run_12,18.959447,17,5,56373.200,50063.700
run_12,18.959447,17,6,56337.800,50159.400
run_12,18.959447,17,7,56292.100,50250.600
run_12,18.959447,17,8,56238.700,50337.400
run_12,18.959447,17,9,56179.400,50420.400
run_12,18.959447,17,10,56115.600,50499.800
run_12,18.959447,17,11,56048.200,50576.200
run_12,18.959447,17,12,55977.900,50649.900
run_12,18.959447,17,13,55905.200,50721.400
run_12,18.959447,17,14,55830.800,50790.800
run_12,18.959447,17,15,55754.800,50858.700
run_12,18.959447,17,16,55732.400,50878.200
run_12,18.959447,17,17,55732.400,50878.200
run_12,18.959447,17,18,55732.400,50878.200
run_12,18.959447,18,1,56381.300,49761.500
run_12,18.959447,18,2,56381.300,49761.500
run_12,18.959447,18,3,56384.500,49863.100
run_12,18.959447,18,4,56371.000,49964.300
run_12,18.959447,18,5,56341.100,50061.900
run_12,18.959447,18,6,56299.300,50154.900
run_12,18.959447,18,7,56248.700,50243.500
run_12,18.959447,18,8,56191.600,50327.900
run_12,18.959447,18,9,56129.500,50408.800
run_12,18.959447,18,10,56063.600,50486.500
run_12,18.959447,18,11,55994.600,50561.500
run_12,18.959447,18,12,55923.200,50634.200
run_12,18.959447,18,13,55849.900,50704.900
run_12,18.959447,18,14,55775.000,50774.000
run_12,18.959447,18,15,55699.000,50841.700
run_12,18.959447,18,16,55672.100,50865.200
run_12,18.959447,18,17,55672.100,50865.200
run_12,18.959447,18,18,55672.100,50865.200
run_12,18.959447,19,1,56381.000,49761.500
run_12,18.959447,19,2,56381.000,49761.500
run_12,18.959447,19,3,56371.700,49862.700
run_12,18.959447,19,4,56347.700,49961.900
run_12,18.959447,19,5,56309.800,50056.700
run_12,18.959447,19,6,56261.900,50146.800
run_12,18.959447,19,7,56206.800,50232.600
run_12,18.959447,19,8,56146.200,50314.600
run_12,18.959447,19,9,56081.600,50393.400
run_12,18.959447,19,10,56013.700,50469.500
run_12,18.959447,19,11,55943.400,50543.200
run_12,18.959447,19,12,55871.000,50615.000
run_12,18.959447,19,13,55797.100,50685.100
run_12,18.959447,19,14,55722.000,50753.800
run_12,18.959447,19,15,55645.900,50821.600
run_12,18.959447,19,16,55615.300,50848.400
run_12,18.959447,19,17,55615.300,50848.400
run_12,18.959447,19,18,55615.300,50848.400
run_12,18.959447,20,1,56380.800,49761.500
run_12,18.959447,20,2,56380.800,49761.500
run_12,18.959447,20,3,56359.100,49860.800
run_12,18.959447,20,4,56324.900,49957.000
run_12,18.959447,20,5,56279.500,50048.400
run_12,18.959447,20,6,56225.900,50135.200
run_12,18.959447,20,7,56166.500,50218.100
run_12,18.959447,20,8,56102.800,50297.700
run_12,18.959447,20,9,56035.700,50374.500
run_12,18.959447,20,10,55966.100,50448.900
run_12,18.959447,20,11,55894.500,50521.500
run_12,18.959447,20,12,55821.400,50592.400
run_12,18.959447,20,13,55747.000,50662.000
run_12,18.959447,20,14,55671.700,50730.500
run_12,18.959447,20,15,55595.600,50798.300
run_12,18.959447,20,16,55562.200,50827.800
run_12,18.959447,20,17,55562.200,50827.800
run_12,18.959447,20,18,55562.200,50827.800
run_12,18.959447,21,1,56380.500,49761.400
run_12,18.959447,21,2,56380.500,49761.400
run_12,18.959447,21,3,56346.800,49857.300
run_12,18.959447,21,4,56303.000,49949.500
run_12,18.959447,21,5,56250.400,50037.000
run_12,18.959447,21,6,56191.500,50120.300
run_12,18.959447,21,7,56128.100,50200.200
run_12,18.959447,21,8,56061.400,50277.300
run_12,18.959447,21,9,55992.100,50352.100
run_12,18.959447,21,10,55920.900,50425.000
run_12,18.959447,21,11,55848.200,50496.400
run_12,18.959447,21,12,55774.300,50566.500
run_12,18.959447,21,13,55699.500,50635.700
run_12,18.959447,21,14,55624.000,50704.100
run_12,18.959447,21,15,55548.100,50772.000
run_12,18.959447,21,16,55512.500,50803.600
run_12,18.959447,21,17,55512.500,50803.600
run_12,18.959447,21,18,55512.500,50803.600
run_12,18.959447,22,1,56380.300,49761.300
run_12,18.959447,22,2,56380.300,49761.300
run_12,18.959447,22,3,56335.000,49852.300
run_12,18.959447,22,4,56282.100,49939.600
run_12,18.959447,22,5,56222.800,50022.700
run_12,18.959447,22,6,56159.000,50102.300
run_12,18.959447,22,7,56091.800,50179.100
run_12,18.959447,22,8,56022.300,50253.600
run_12,18.959447,22,9,55950.900,50326.400
run_12,18.959447,22,10,55878.200,50397.800
run_12,18.959447,22,11,55804.400,50468.100
run_12,18.959447,22,12,55729.800,50537.500
run_12,18.959447,22,13,55654.600,50606.300
run_12,18.959447,22,14,55579.100,50674.600
run_12,18.959447,22,15,55503.300,50742.600
run_12,18.959447,22,16,55466.300,50775.800
run_12,18.959447,22,17,55466.300,50775.800
run_12,18.959447,22,18,55466.300,50775.800
run_12,18.959447,23,1,56380.100,49761.200
run_12,18.959447,23,2,56380.100,49761.200
run_12,18.959447,23,3,56323.900,49845.900
run_12,18.959447,23,4,56262.600,49927.500
run_12,18.959447,23,5,56197.000,50005.700
run_12,18.959447,23,6,56128.500,50081.300
run_12,18.959447,23,7,56057.800,50154.800
run_12,18.959447,23,8,55985.600,50226.800
run_12,18.959447,23,9,55912.200,50297.600
run_12,18.959447,23,10,55838.000,50367.500
run_12,18.959447,23,11,55763.200,50436.700
run_12,18.959447,23,12,55688.000,50505.400
run_12,18.959447,23,13,55612.500,50573.900
run_12,18.959447,23,14,55536.900,50642.100
run_12,18.959447,23,15,55461.300,50710.300
run_12,18.959447,23,16,55423.500,50744.400
run_12,18.959447,23,17,55423.500,50744.400
run_12,18.959447,23,18,55423.500,50744.400
run_12,18.959447,24,1,56379.900,49761.000
run_12,18.959447,24,2,56379.900,49761.000
run_12,18.959447,24,3,56313.700,49838.200
run_12,18.959447,24,4,56244.600,49913.300
run_12,18.959447,24,5,56173.200,49986.200
run_12,18.959447,24,6,56100.300,50057.600
run_12,18.959447,24,7,56026.200,50127.700
run_12,18.959447,24,8,55951.500,50197.100
run_12,18.959447,24,9,55876.200,50265.900
run_12,18.959447,24,10,55800.600,50334.200
run_12,18.959447,24,11,55724.800,50402.400
run_12,18.959447,24,12,55649.000,50470.400
run_12,18.959447,24,13,55573.200,50538.500
run_12,18.959447,24,14,55497.500,50606.600
run_12,18.959447,24,15,55422.000,50675.000
run_12,18.959447,24,16,55346.800,50743.600
run_12,18.959447,24,17,55346.600,50743.800
run_12,18.959447,24,18,55346.600,50743.800
run_12,18.959447,24,19,55346.600,50743.800
run_12,18.959447,25,1,56379.700,49760.900
run_12,18.959447,25,2,56379.700,49760.900
run_12,18.959447,25,3,56304.500,49829.300
run_12,18.959447,25,4,56228.300,49897.200
run_12,18.959447,25,5,56151.500,49964.400
run_12,18.959447,25,6,56074.500,50031.300
run_12,18.959447,25,7,55997.300,50097.900
run_12,18.959447,25,8,55920.100,50164.600
run_12,18.959447,25,9,55843.000,50231.300
run_12,18.959447,25,10,55766.000,50298.100
run_12,18.959447,25,11,55689.300,50365.200
run_12,18.959447,25,12,55612.800,50432.500
run_12,18.959447,25,13,55536.700,50500.200
run_12,18.959447,25,14,55460.900,50568.300
run_12,18.959447,25,15,55385.600,50636.800
run_12,18.959447,25,16,55348.200,50671.100
run_12,18.959447,25,17,55348.200,50671.100
run_12,18.959447,25,18,55348.200,50671.100
run_12,18.959447,26,1,56379.600,49760.700
run_12,18.959447,26,2,56379.600,49760.700
run_12,18.959447,26,3,56296.500,49819.300
run_12,18.959447,26,4,56213.900,49879.300
run_12,18.959447,26,5,56132.200,49940.500
run_12,18.959447,26,6,56051.300,50002.600
run_12,18.959447,26,7,55971.100,50065.600
run_12,18.959447,26,8,55891.600,50129.400
run_12,18.959447,26,9,55812.700,50194.000
run_12,18.959447,26,10,55734.400,50259.200
run_12,18.959447,26,11,55656.700,50325.200
run_12,18.959447,26,12,55579.600,50391.800
run_12,18.959447,26,13,55503.100,50459.100
run_12,18.959447,26,14,55427.200,50527.000
run_12,18.959447,26,15,55352.000,50595.700
run_12,18.959447,26,16,55315.600,50629.200
run_12,18.959447,26,17,55315.600,50629.200
run_12,18.959447,26,18,55315.600,50629.200
run_12,18.959447,27,1,56379.400,49760.500
run_12,18.959447,27,2,56379.400,49760.500
run_12,18.959447,27,3,56289.800,49808.400
run_12,18.959447,27,4,56201.700,49859.900
run_12,18.959447,27,5,56115.500,49914.600
run_12,18.959447,27,6,56031.000,49971.800
run_12,18.959447,27,7,55947.900,50031.000
run_12,18.959447,27,8,55866.100,50091.800
run_12,18.959447,27,9,55785.400,50154.100
run_12,18.959447,27,10,55705.800,50217.700
run_12,18.959447,27,11,55627.100,50282.500
run_12,18.959447,27,12,55549.400,50348.400
run_12,18.959447,27,13,55472.500,50415.200
run_12,18.959447,27,14,55396.500,50483.000
run_12,18.959447,27,15,55321.300,50551.700
run_12,18.959447,27,16,55286.500,50583.900
run_12,18.959447,27,17,55286.500,50583.900
run_12,18.959447,27,18,55286.500,50583.900
run_12,18.959447,28,1,56379.300,49760.200
run_12,18.959447,28,2,56379.300,49760.200
run_12,18.959447,28,3,56284.500,49796.800
run_12,18.959447,28,4,56191.700,49839.300
run_12,18.959447,28,5,56101.500,49887.100
run_12,18.959447,28,6,56013.700,49939.000
run_12,18.959447,28,7,55927.900,49994.200
run_12,18.959447,28,8,55843.800,50051.900
run_12,18.959447,28,9,55761.400,50111.900
run_12,18.959447,28,10,55680.400,50173.800
run_12,18.959447,28,11,55600.700,50237.300
run_12,18.959447,28,12,55522.300,50302.300
run_12,18.959447,28,13,55444.900,50368.600
run_12,18.959447,28,14,55368.700,50436.200
run_12,18.959447,28,15,55293.600,50504.900
run_12,18.959447,28,16,55261.000,50535.200
run_12,18.959447,28,17,55261.000,50535.200
run_12,18.959447,28,18,55261.000,50535.200
run_12,18.959447,29,1,56379.300,49760.000
run_12,18.959447,29,2,56379.300,49760.000
run_12,18.959447,29,3,56280.600,49784.600
run_12,18.959447,29,4,56184.000,49817.500
run_12,18.959447,29,5,56090.400,49858.100
run_12,18.959447,29,6,55999.500,49904.500
run_12,18.959447,29,7,55911.100,49955.400
run_12,18.959447,29,8,55825.000,50010.000
run_12,18.959447,29,9,55740.800,50067.400
run_12,18.959447,29,10,55658.400,50127.400
run_12,18.959447,29,11,55577.600,50189.600
run_12,18.959447,29,12,55498.400,50253.600
run_12,18.959447,29,13,55420.600,50319.400
run_12,18.959447,29,14,55344.100,50386.600
run_12,18.959447,29,15,55268.900,50455.200
run_12,18.959447,29,16,55239.000,50483.200
run_12,18.959447,29,17,55239.000,50483.200
run_12,18.959447,29,18,55239.000,50483.200
run_12,18.959447,30,1,56379.200,49759.800
run_12,18.959447,30,2,56379.200,49759.800
run_12,18.959447,30,3,56278.300,49772.000
run_12,18.959447,30,4,56178.800,49795.000
run_12,18.959447,30,5,56082.300,49828.000
run_12,18.959447,30,6,55988.700,49868.600
run_12,18.959447,30,7,55897.900,49915.000
run_12,18.959447,30,8,55809.600,49966.100
run_12,18.959447,30,9,55723.600,50020.900
run_12,18.959447,30,10,55639.800,50078.800
run_12,18.959447,30,11,55557.900,50139.500
run_12,18.959447,30,12,55477.900,50202.500
run_12,18.959447,30,13,55399.500,50267.500
run_12,18.959447,30,14,55322.700,50334.400
run_12,18.959447,30,15,55247.300,50402.900
run_12,18.959447,30,16,55220.600,50427.800
run_12,18.959447,30,17,55220.600,50427.800
run_12,18.959447,30,18,55220.600,50427.800
run_12,18.959447,31,1,56379.200,49759.500
run_12,18.959447,31,2,56379.200,49759.500
run_12,18.959447,31,3,56277.500,49759.200
run_12,18.959447,31,4,56176.300,49771.900
run_12,18.959447,31,5,56077.300,49797.000
run_12,18.959447,31,6,55981.300,49831.400
run_12,18.959447,31,7,55888.200,49873.100
run_12,18.959447,31,8,55797.900,49920.500
run_12,18.959447,31,9,55710.200,49972.400
run_12,18.959447,31,10,55624.900,50028.200
run_12,18.959447,31,11,55541.800,50087.200
run_12,18.959447,31,12,55460.900,50149.000
run_12,18.959447,31,13,55381.800,50213.200
run_12,18.959447,31,14,55304.500,50279.500
run_12,18.959447,31,15,55228.900,50347.800
run_12,18.959447,31,16,55206.000,50369.100
run_12,18.959447,31,17,55206.000,50369.100
run_12,18.959447,31,18,55206.000,50369.100
run_12,18.959447,32,1,56379.200,49759.300
run_12,18.959447,32,2,56379.200,49759.300
run_12,18.959447,32,3,56278.400,49746.500
run_12,18.959447,32,4,56176.300,49748.600
run_12,18.959447,32,5,56075.600,49765.300
run_12,18.959447,32,6,55977.600,49793.300
run_12,18.959447,32,7,55882.400,49830.000
run_12,18.959447,32,8,55790.100,49873.400
run_12,18.959447,32,9,55700.700,49922.200
run_12,18.959447,32,10,55613.800,49975.600
run_12,18.959447,32,11,55529.500,50032.800
run_12,18.959447,32,12,55447.500,50093.200
run_12,18.959447,32,13,55367.700,50156.400
run_12,18.959447,32,14,55289.800,50222.100
run_12,18.959447,32,15,55213.900,50290.000
run_12,18.959447,32,16,55195.200,50307.200
run_12,18.959447,32,17,55195.200,50307.200
run_12,18.959447,32,18,55195.200,50307.200
run_12,18.959447,33,1,56379.300,49759.000
run_12,18.959447,33,2,56379.300,49759.000
run_12,18.959447,33,3,56280.800,49733.900
run_12,18.959447,33,4,56179.100,49725.200
run_12,18.959447,33,5,56077.300,49733.300
run_12,18.959447,33,6,55977.500,49754.600
run_12,18.959447,33,7,55880.500,49785.800
run_12,18.959447,33,8,55786.300,49825.000
run_12,18.959447,33,9,55695.200,49870.500
run_12,18.959447,33,10,55606.800,49921.300
run_12,18.959447,33,11,55521.100,49976.400
run_12,18.959447,33,12,55438.000,50035.300
run_12,18.959447,33,13,55357.200,50097.400
run_12,18.959447,33,14,55278.800,50162.200
run_12,18.959447,33,15,55202.400,50229.500
run_12,18.959447,33,16,55188.500,50242.200
run_12,18.959447,33,17,55188.500,50242.200
run_12,18.959447,33,18,55188.500,50242.200
run_12,18.959447,34,1,56379.300,49758.800
run_12,18.959447,34,2,56379.300,49758.800
run_12,18.959447,34,3,56284.700,49721.700
run_12,18.959447,34,4,56184.500,49702.200
run_12,18.959447,34,5,56082.500,49701.400
run_12,18.959447,34,6,55981.400,49715.400
run_12,18.959447,34,7,55882.700,49741.000
run_12,18.959447,34,8,55786.800,49775.600
run_12,18.959447,34,9,55693.900,49817.500
run_12,18.959447,34,10,55603.900,49865.400
run_12,18.959447,34,11,55516.900,49918.200
run_12,18.959447,34,12,55432.500,49975.300
run_12,18.959447,34,13,55350.700,50036.000
run_12,18.959447,34,14,55271.400,50099.900
run_12,18.959447,34,15,55194.500,50166.500
run_12,18.959447,34,16,55186.100,50174.000
run_12,18.959447,34,17,55186.100,50174.000
run_12,18.959447,34,18,55186.100,50174.000
run_12,18.959447,35,1,56379.400,49758.600
run_12,18.959447,35,2,56379.400,49758.600
run_12,18.959447,35,3,56290.100,49710.000
run_12,18.959447,35,4,56192.600,49679.700
run_12,18.959447,35,5,56091.100,49669.700
run_12,18.959447,35,6,55989.300,49676.300
run_12,18.959447,35,7,55889.200,49695.800
run_12,18.959447,35,8,55791.700,49725.500
run_12,18.959447,35,9,55697.100,49763.500
run_12,18.959447,35,10,55605.500,49808.200
run_12,18.959447,35,11,55517.000,49858.400
run_12,18.959447,35,12,55431.300,49913.500
run_12,18.959447,35,13,55348.400,49972.600
run_12,18.959447,35,14,55268.100,50035.300
run_12,18.959447,35,15,55190.400,50101.000
run_12,18.959447,35,16,55188.200,50102.900
run_12,18.959447,35,17,55188.200,50102.900
run_12,18.959447,35,18,55188.200,50102.900
run_12,18.959447,36,1,56379.600,49758.300
run_12,18.959447,36,2,56379.600,49758.300
run_12,18.959447,36,3,56296.900,49699.200
run_12,18.959447,36,4,56203.400,49658.200
run_12,18.959447,36,5,56103.300,49638.700
run_12,18.959447,36,6,56001.300,49637.400
run_12,18.959447,36,7,55900.200,49650.500
run_12,18.959447,36,8,55801.200,49675.000
run_12,18.959447,36,9,55705.000,49708.600
run_12,18.959447,36,10,55611.800,49749.800
run_12,18.959447,36,11,55521.700,49797.200
run_12,18.959447,36,12,55434.600,49849.900
run_12,18.959447,36,13,55350.400,49907.200
run_12,18.959447,36,14,55269.000,49968.400
run_12,18.959447,36,15,55234.100,49996.300
run_12,18.959447,36,16,55234.100,49996.300
run_12,18.959447,36,17,55234.100,49996.300
run_12,18.959447,37,1,56379.700,49758.200
run_12,18.959447,37,2,56379.700,49758.200
run_12,18.959447,37,3,56305.000,49689.200
run_12,18.959447,37,4,56216.800,49637.800
run_12,18.959447,37,5,56119.000,49608.700
run_12,18.959447,37,6,56017.500,49599.200
run_12,18.959447,37,7,55915.700,49605.500
run_12,18.959447,37,8,55815.600,49624.300
run_12,18.959447,37,9,55717.900,49653.300
run_12,18.959447,37,10,55623.100,49690.600
run_12,18.959447,37,11,55531.300,49734.800
run_12,18.959447,37,12,55442.700,49784.900
run_12,18.959447,37,13,55357.100,49840.000
run_12,18.959447,37,14,55274.400,49899.400
run_12,18.959447,37,15,55247.000,49920.400
run_12,18.959447,37,16,55247.000,49920.400
run_12,18.959447,37,17,55247.000,49920.400
run_12,18.959447,38,1,56379.900,49758.000
run_12,18.959447,38,2,56379.900,49758.000
run_12,18.959447,38,3,56314.300,49680.300
run_12,18.959447,38,4,56232.700,49619.000
run_12,18.959447,38,5,56138.400,49580.100
run_12,18.959447,38,6,56038.000,49562.000
run_12,18.959447,38,7,55936.100,49561.100
run_12,18.959447,38,8,55835.000,49573.900
run_12,18.959447,38,9,55735.900,49597.800
run_12,18.959447,38,10,55639.600,49630.800
run_12,18.959447,38,11,55546.200,49671.400
run_12,18.959447,38,12,55455.900,49718.500
run_12,18.959447,38,13,55368.800,49771.100
run_12,18.959447,38,14,55284.700,49828.500
run_12,18.959447,38,15,55265.800,49842.300
run_12,18.959447,38,16,55265.800,49842.300
run_12,18.959447,38,17,55265.800,49842.300
run_12,18.959447,39,1,56380.100,49757.800
run_12,18.959447,39,2,56380.100,49757.800
run_12,18.959447,39,3,56324.600,49672.600
run_12,18.959447,39,4,56251.000,49602.000
run_12,18.959447,39,5,56161.300,49553.300
run_12,18.959447,39,6,56063.000,49526.400
run_12,18.959447,39,7,55961.400,49517.700
run_12,18.959447,39,8,55859.700,49524.000
run_12,18.959447,39,9,55759.500,49542.400
run_12,18.959447,39,10,55661.700,49570.800
run_12,18.959447,39,11,55566.700,49607.400
run_12,18.959447,39,12,55474.700,49651.100
run_12,18.959447,39,13,55385.900,49700.800
run_12,18.959447,39,14,55300.300,49755.800
run_12,18.959447,39,15,55290.900,49762.200
run_12,18.959447,39,16,55290.900,49762.200
run_12,18.959447,39,17,55290.900,49762.200
run_12,18.959447,40,1,56380.300,49757.700
run_12,18.959447,40,2,56380.300,49757.700
run_12,18.959447,40,3,56335.900,49666.300
run_12,18.959447,40,4,56271.500,49587.100
run_12,18.959447,40,5,56187.800,49528.800
run_12,18.959447,40,6,56092.400,49492.600
run_12,18.959447,40,7,55991.900,49475.900
run_12,18.959447,40,8,55890.000,49475.200
run_12,18.959447,40,9,55788.900,49487.700
run_12,18.959447,40,10,55689.700,49510.900
run_12,18.959447,40,11,55593.200,49543.100
run_12,18.959447,40,12,55499.500,49582.900
run_12,18.959447,40,13,55409.000,49629.400
run_12,18.959447,40,14,55366.300,49653.800
run_12,18.959447,40,15,55366.300,49653.800
run_12,18.959447,40,16,55366.300,49653.800
run_12,18.959447,41,1,56380.600,49757.600
run_12,18.959447,41,2,56380.600,49757.600
run_12,18.959447,41,3,56347.800,49661.400
run_12,18.959447,41,4,56294.000,49574.700
run_12,18.959447,41,5,56217.700,49506.900
run_12,18.959447,41,6,56126.500,49461.300
run_12,18.959447,41,7,56027.700,49436.100
run_12,18.959447,41,8,55926.200,49428.000
run_12,18.959447,41,9,55824.500,49434.000
run_12,18.959447,41,10,55724.200,49451.600
run_12,18.959447,41,11,55626.200,49478.900
run_12,18.959447,41,12,55530.800,49514.400
run_12,18.959447,41,13,55438.500,49557.100
run_12,18.959447,41,14,55407.900,49572.900
run_12,18.959447,41,15,55407.900,49572.900
run_12,18.959447,41,16,55407.900,49572.900
run_12,18.959447,42,1,56380.800,49757.600
run_12,18.959447,42,2,56380.800,49757.600
run_12,18.959447,42,3,56360.200,49658.000
run_12,18.959447,42,4,56318.200,49565.000
run_12,18.959447,42,5,56251.000,49488.300
run_12,18.959447,42,6,56165.200,49433.100
run_12,18.959447,42,7,56069.200,49398.900
run_12,18.959447,42,8,55968.700,49382.900
run_12,18.959447,42,9,55866.900,49381.900
run_12,18.959447,42,10,55765.700,49393.300
run_12,18.959447,42,11,55666.300,49415.200
run_12,18.959447,42,12,55569.300,49445.900
run_12,18.959447,42,13,55475.200,49484.400
run_12,18.959447,42,14,55458.700,49491.900
run_12,18.959447,42,15,55458.700,49491.900
run_12,18.959447,42,16,55458.700,49491.900
run_12,18.959447,43,1,56381.000,49757.500
run_12,18.959447,43,2,56381.000,49757.500
run_12,18.959447,43,3,56373.000,49656.200
run_12,18.959447,43,4,56343.900,49558.400
run_12,18.959447,43,5,56287.400,49473.400
run_12,18.959447,43,6,56208.800,49408.500
run_12,18.959447,43,7,56116.700,49365.100
run_12,18.959447,43,8,56017.900,49340.600
run_12,18.959447,43,9,55916.400,49332.100
run_12,18.959447,43,10,55814.800,49336.800
run_12,18.959447,43,11,55714.300,49352.600
run_12,18.959447,43,12,55615.800,49378.000
run_12,18.959447,43,13,55567.400,49393.800
run_12,18.959447,43,14,55567.400,49393.800
run_12,18.959447,43,15,55567.400,49393.800
run_12,18.959447,44,1,56381.300,49757.500
run_12,18.959447,44,2,56381.300,49757.500
run_12,18.959447,44,3,56385.900,49656.000
run_12,18.959447,44,4,56370.600,49555.100
run_12,18.959447,44,5,56326.900,49462.900
run_12,18.959447,44,6,56257.300,49388.500
run_12,18.959447,44,7,56170.500,49335.300
run_12,18.959447,44,8,56074.300,49301.900
run_12,18.959447,44,9,55974.000,49285.300
run_12,18.959447,44,10,55872.300,49282.700
run_12,18.959447,44,11,55771.000,49291.900
run_12,18.959447,44,12,55671.200,49311.300
run_12,18.959447,44,13,55642.400,49318.700
run_12,18.959447,44,14,55642.400,49318.700
run_12,18.959447,44,15,55642.400,49318.700
run_12,18.959447,45,1,56381.500,49757.600
run_12,18.959447,45,2,56381.500,49757.600
run_12,18.959447,45,3,56398.700,49657.400
run_12,18.959447,45,4,56398.000,49555.300
run_12,18.959447,45,5,56369.100,49457.500
run_12,18.959447,45,6,56310.900,49373.900
run_12,18.959447,45,7,56231.100,49310.800
run_12,18.959447,45,8,56138.800,49267.800
run_12,18.959447,45,9,56040.400,49242.500
run_12,18.959447,45,10,55939.200,49232.000
run_12,18.959447,45,11,55837.600,49234.000
run_12,18.959447,45,12,55736.800,49246.700
run_12,18.959447,45,13,55731.600,49247.600
run_12,18.959447,45,14,55731.600,49247.600
run_12,18.959447,45,15,55731.600,49247.600
run_12,18.959447,46,1,56381.800,49757.600
run_12,18.959447,46,2,56381.800,49757.600
run_12,18.959447,46,3,56411.300,49660.300
run_12,18.959447,46,4,56425.600,49559.300
run_12,18.959447,46,5,56413.400,49458.000
run_12,18.959447,46,6,56369.500,49366.200
run_12,18.959447,46,7,56299.200,49292.800
run_12,18.959447,46,8,56212.400,49239.800
run_12,18.959447,46,9,56116.900,49205.100
run_12,18.959447,46,10,56017.100,49185.900
run_12,18.959447,46,11,55915.700,49179.900
run_12,18.959447,46,12,55888.400,49180.200
run_12,18.959447,46,13,55888.400,49180.200
run_12,18.959447,46,14,55888.400,49180.200
run_12,18.959447,47,1,56382.000,49757.700
run_12,18.959447,47,2,56382.000,49757.700
run_12,18.959447,47,3,56423.400,49664.800
run_12,18.959447,47,4,56452.700,49567.100
run_12,18.959447,47,5,56459.100,49465.300
run_12,18.959447,47,6,56433.300,49366.900
run_12,18.959447,47,7,56375.700,49283.300
run_12,18.959447,47,8,56296.600,49219.800
run_12,18.959447,47,9,56205.500,49175.000
run_12,18.959447,47,10,56108.100,49146.400
run_12,18.959447,47,11,56065.400,49138.400
run_12,18.959447,47,12,56065.400,49138.400
run_12,18.959447,47,13,56065.400,49138.400
run_12,18.959447,48,1,56382.200,49757.800
run_12,18.959447,48,2,56382.200,49757.800
run_12,18.959447,48,3,56434.800,49670.800
run_12,18.959447,48,4,56478.900,49578.800
run_12,18.959447,48,5,56505.200,49480.300
run_12,18.959447,48,6,56502.000,49378.700
run_12,18.959447,48,7,56462.200,49285.500
run_12,18.959447,48,8,56393.800,49210.800
run_12,18.959447,48,9,56309.100,49155.300
run_12,18.959447,48,10,56215.600,49116.400
run_12,18.959447,48,11,56214.000,49115.900
run_12,18.959447,48,12,56214.000,49115.900
run_12,18.959447,48,13,56214.000,49115.900
run_12,18.959447,49,1,56382.400,49758.000
run_12,18.959447,49,2,56382.400,49758.000
run_12,18.959447,49,3,56445.500,49678.200
run_12,18.959447,49,4,56503.400,49594.200
run_12,18.959447,49,5,56549.900,49503.500
run_12,18.959447,49,6,56574.100,49404.900
run_12,18.959447,49,7,56560.900,49304.800
run_12,18.959447,49,8,56508.900,49218.600
run_12,18.959447,49,9,56433.700,49151.600
run_12,18.959447,49,10,56431.000,49149.700
run_12,18.959447,49,11,56431.000,49149.700
run_12,18.959447,49,12,56431.000,49149.700
run_12,18.959447,50,1,56382.600,49758.100
run_12,18.959447,50,2,56382.600,49758.100
run_12,18.959447,50,3,56455.100,49686.800
run_12,18.959447,50,4,56525.600,49613.100
run_12,18.959447,50,5,56591.100,49535.000
run_12,18.959447,50,6,56645.700,49449.500
run_12,18.959447,50,7,56674.300,49353.600
run_12,18.959447,50,8,56653.800,49257.300
run_12,18.959447,50,9,56652.200,49254.200
run_12,18.959447,50,10,56652.200,49254.200
run_12,18.959447,50,11,56652.200,49254.200
