gflow_label,x_epsg2229_ft,y_epsg2229_ft,n_source_wells,source_recordation_numbers,source_well_ids,owners,production_2014_15_afy,discharge_ft3_day
1901679,6521947.396,1862487.258,1,1901679,GRAVES_2,"South Pasadena, City of",244.000,29119.562
1900011,6524912.311,1859959.246,1,1900011,9,"Alhambra, City of",10.000,1193.425
1900013,6525590.499,1856054.012,1,1900013,12,"Alhambra, City of",43.000,5131.726
1900010,6527346.006,1856806.221,1,1900010,8_MOELLER,"Alhambra, City of",1702.000,203120.877
1903097,6527384.036,1856206.096,1,1903097,7,"Alhambra, City of",389.000,46424.219
1900015,6528573.270,1854137.171,1,1900015,14,"Alhambra, City of",866.000,103350.575
1900014,6528662.621,1853024.873,1,1900014,13,"Alhambra, City of",181.000,21600.986
1903086,6528874.716,1861583.175,1,1903086,WILSON_4,"South Pasadena, City of",909.000,108482.301
1901682,6528883.759,1861596.145,1,1901682,WILSON_3,"South Pasadena, City of",2556.000,305039.342
1903014,6529289.953,1857996.812,1,1903014,11,"Alhambra, City of",321.000,38308.932
1900935,6531024.465,1863933.082,1,1900935,1925_LONGDEN,California American Water Co-San Marino System,490.000,58477.808
8000133,6531165.691,1850895.612,1,8000133,14,San Gabriel County Water District,947.000,113017.315
1900016,6531681.752,1849995.906,1,1900016,15,"Alhambra, City of",1353.000,161470.356
1900547,6531845.858,1863439.378,1,1900547,SGCC1,San Gabriel Country Club,29.000,3460.932
1902789,6531955.706,1864307.013,1,1902789,LONGDEN-1,"Alhambra, City of",1142.000,136289.096
1900017,6531959.394,1863907.002,1,1900017,LONGDEN_2,"Alhambra, City of",1285.000,153355.068
1903059,6532032.085,1866555.749,1,1903059,1968_DEL_MAR,California American Water Co-San Marino System,1407.000,167914.849
1902979,6532048.997,1863480.709,1,1902979,SGCC2,San Gabriel Country Club,229.000,27329.425
8000146,6532791.673,1849049.243,1,8000146,SAXON_4,Southern California Water Company - San Gabriel,362.000,43201.973
1900514,6532803.090,1849176.206,1,1900514,SAXON_3,Southern California Water Company - San Gabriel,145.000,17304.658
1902785,6533471.647,1860623.030,1,1902785,9,San Gabriel County Water District,1526.000,182116.603
1900511,6534430.264,1844032.802,1,1900511,2SG,Southern California Water Company - San Gabriel,491.000,58597.151
1902818,6534526.105,1844593.491,1,1902818,MP10,"Monterey Park, City of",1444.000,172330.521
1900510,6534558.187,1844008.380,1,1900510,1SG,Southern California Water Company - San Gabriel,1521.000,181519.890
1900457,6534777.607,1843524.652,1,1900457,5,"Monterey Park, City of",1169.000,139511.342
8000067,6535134.645,1855733.552,1,8000067,11,San Gabriel County Water District,459.000,54778.192
1900453,6535257.356,1844664.083,1,1900453,1,"Monterey Park, City of",97.000,11576.219
8000123,6535286.433,1855363.052,1,8000123,12,San Gabriel County Water District,1283.000,153116.384
8000126,6535342.419,1844072.797,1,8000126,FERN,"Monterey Park, City of",271.000,32341.808
1900026,6536896.752,1866127.736,1,1900026,8,Sunny Slope Water Company,1305.000,155741.918
1902792,6536909.795,1865835.694,1,1902792,9,Sunny Slope Water Company,516.000,61580.712
1900725,6536960.709,1847504.498,1,1900725,G4A,San Gabriel Valley Water Company,216.000,25777.973
8000157,6537109.656,1863657.046,1,8000157,13,Sunny Slope Water Company,416.000,49646.466
1900791,6537623.950,1848183.319,1,1900791,1,Amarillo Mutual Water Company,180.000,21481.644
1900792,6537673.728,1848115.155,1,1900792,2,Amarillo Mutual Water Company,164.000,19572.164
1900926,6537754.380,1855941.928,1,1900926,1948_GRAND,California American Water Co-San Marino System,1408.000,168034.192
1903033,6538158.967,1842386.502,1,1903033,MP12,"Monterey Park, City of",2743.000,327356.384
1902690,6538304.949,1842990.028,1,1902690,MP9,"Monterey Park, City of",537.000,64086.904
8000196,6539745.636,1843188.288,1,8000196,15,"Monterey Park, City of",1879.000,224244.493
1900747,6540642.823,1844459.349,1,1900747,8C,San Gabriel Valley Water Company,1077.000,128531.836
1900746,6540706.975,1844505.138,1,1900746,8B,San Gabriel Valley Water Company,7.000,835.397
8000169,6540907.150,1844862.483,1,8000169,8F,San Gabriel Valley Water Company,39.000,4654.356
1903103_8000113,6541040.621,1845005.045,2,1903103_8000113,8D_8E,San Gabriel Valley Water Company,1779.000,212310.247
8000073,6541364.193,1854642.046,1,8000073,ENCINITAS_3,Southern California Water Company - San Gabriel,691.000,82465.644
1902035,6541483.112,1854616.655,1,1902035,ENCINITAS_2,Southern California Water Company - San Gabriel,653.000,77930.630
1902024,6541578.021,1854588.342,1,1902024,ENCINITAS_1,Southern California Water Company - San Gabriel,500.000,59671.233
8000182,6541594.356,1854385.288,1,8000182,AR3,Adams Ranch Mutual Water Company,56.000,6683.178
11901508,6541698.261,1867483.935,1,11901508,9,"East Pasadena Water Company, Ltd.",1438.000,171614.466
1900920,6542334.891,1859734.862,1,1900920,1954_MISSION_VIEW,California American Water Co-San Marino System,1826.000,217919.342
8000110,6545427.033,1832265.430,1,8000110,16,"Whittier, City of",3556.000,424381.808
8000071,6545433.563,1833038.423,1,8000071,15,"Whittier, City of",974.000,116239.562
1902424,6545853.528,1855023.286,1,1902424,1958_HOWLAND,California American Water Co-San Marino System,512.000,61103.342
8000210,6545909.074,1831050.821,1,8000210,201W10,Suburban Water Systems,765.000,91296.986
1901749,6545928.796,1833104.796,1,1901749,13,"Whittier, City of",262.000,31267.726
1903019,6546003.033,1858231.803,1,1903019,MARIPOSA-3,California American Water Co-San Marino System,1344.000,160396.274
8000208,6546172.056,1831042.956,1,8000208,201-W9,Suburban Water Systems,1725.000,205865.753
8000195,6546306.423,1831459.522,1,8000195,8000195,"Monterey Park, City of",4521.000,539547.288
1900094,6546486.542,1827826.854,1,1900094,1,Rose Hills Memorial Park Association,326.000,38905.644
1902790,6546882.485,1829333.585,1,1902790,4,Rose Hills Memorial Park Association,187.000,22317.041
8000198,6546925.313,1831725.493,1,8000198,8000198,Suburban Water Systems,2366.000,282364.274
8000175,6548443.051,1860669.788,1,8000175,HALL_WELL_2,California American Water Co-San Marino System,1048.000,125070.904
8000101,6548970.654,1849847.015,1,8000101,13,"El Monte, City of",737.000,87955.397
8000177,6549505.943,1863077.296,1,8000177,02-ST._JOSEPH,"Arcadia, City of",40.000,4773.699
8000214,6549714.227,1862857.613,1,8000214,3LONG,"Arcadia, City of",2560.000,305516.712
1901692,6550303.156,1849074.632,1,1901692,2A,"El Monte, City of",486.000,58000.438
1902027,6551351.781,1856292.229,1,1902027,PERSIMMON_1,Southern California Water Company - San Gabriel,44.000,5251.068
1901699,6551377.740,1849246.104,1,1901699,10,"El Monte, City of",1059.000,126383.671
8000213,6553452.728,1866971.332,1,8000213,3CAM,"Arcadia, City of",2394.000,285705.863
8000065,6553609.780,1856891.819,1,8000065,2E,San Gabriel Valley Water Company,1362.000,162544.438
8000197,6553650.643,1856543.684,1,8000197,8000197,San Gabriel Valley Water Company,617.000,73634.301
1902857,6553656.548,1856514.665,1,1902857,2D,San Gabriel Valley Water Company,816.000,97383.452
1902713,6554636.565,1837544.265,1,1902713,11C,San Gabriel Valley Water Company,725.000,86523.288
1902948,6554745.337,1858586.098,1,1902948,FARNA_2,Southern California Water Company - San Gabriel,104.000,12411.616
1900745,6554838.879,1837638.602,1,1900745,11B,San Gabriel Valley Water Company,1201.000,143330.301
1900331,6555029.241,1839278.002,1,1900331,BURKETT,Del Rio Mutual Water Company,114.000,13605.041
1902034,6555035.943,1858464.144,1,1902034,FARNA_1,Southern California Water Company - San Gabriel,349.000,41650.521
1900739,6555132.357,1837782.641,1,1900739,11A,San Gabriel Valley Water Company,1543.000,184145.425
8000127,6556582.002,1861229.076,1,8000127,LIVE_OAK-1,"Arcadia, City of",2179.000,260047.233
1902096,6558127.773,1851355.970,1,1902096,NORTH,Sterling Mutual Water Company,59.000,7041.205
8000132,6558204.522,1851278.717,1,8000132,NEW_SOUTH,Sterling Mutual Water Company,54.000,6444.493
8000172,6558647.038,1853883.283,1,8000172,1E,San Gabriel Valley Water Company,1787.000,213264.986
8000102,6558729.469,1854015.013,1,8000102,1D,San Gabriel Valley Water Company,2778.000,331533.370
1903081,6558788.240,1843840.732,1,1903081,8,California Domestic Water Company,2919.000,348360.658
1900729,6558789.052,1853886.817,1,1900729,1B,San Gabriel Valley Water Company,305.000,36399.452
1903072,6558794.830,1839734.655,1,1903072,5R,"Woodland Farms, Inc.",122.000,14559.781
1902946,6558796.009,1853873.794,1,1902946,1C,San Gabriel Valley Water Company,50.000,5967.123
1902854,6559131.505,1860453.716,1,1902854,PECK_1,"Arcadia, City of",3834.000,457559.014
1901181,6559217.595,1843946.325,1,1901181,2,California Domestic Water Company,1167.000,139272.658
1901014,6559533.251,1864048.400,1,1901014,LONGDEN-2,"Arcadia, City of",109.000,13008.329
1903057,6559568.663,1844577.181,1,1903057,3,California Domestic Water Company,6216.000,741832.767
1902806,6559710.107,1856960.811,1,1902806,SOUTH,Hemlock Mutual Water Company,47.000,5609.096
1901013,6559714.140,1864013.807,1,1901013,LONGDEN-1,"Arcadia, City of",894.000,106692.164
1901178,6559723.345,1857033.768,1,1901178,NORTH,Hemlock Mutual Water Company,28.000,3341.589
8000100,6559740.204,1846272.638,1,8000100,05A,California Domestic Water Company,5440.000,649223.014
8000121,6559740.286,1854259.701,1,8000121,3,Champion Mutual Water Company,50.000,5967.123
1902967,6559850.480,1846050.274,1,1902967,6,California Domestic Water Company,3026.000,361130.301
1902816,6559862.823,1854117.298,1,1902816,2,Champion Mutual Water Company,1.000,119.342
8000097,6559947.130,1840123.882,1,8000097,5,City of Industry,1386.000,165408.658
8000111,6560210.949,1865178.177,1,8000111,4JEF,Southern California Water Company - San Gabriel,889.000,106095.452
1900120,6560292.515,1855857.898,1,1900120,1_NORTH,Rurban Homes Mutual Water Company,174.000,20765.589
1900418,6560662.738,1863580.699,1,1900418,2,"Monrovia, City of",27.000,3222.247
8000160,6561036.674,1842426.342,1,8000160,B5D,San Gabriel Valley Water Company,88.000,10502.137
1900419,6561069.329,1864985.365,1,1900419,3,"Monrovia, City of",1670.000,199301.918
1900719_8000205,6561081.295,1842616.198,2,1900719_8000205,B5B_B5E,San Gabriel Valley Water Company,8227.000,981830.466
8000171,6561184.620,1865073.987,1,8000171,6,"Monrovia, City of",2178.000,259927.890
1940104,6561492.208,1864027.980,1,1940104,5,"Monrovia, City of",1435.000,171256.438
1900420,6562528.782,1864812.584,1,1900420,4,"Monrovia, City of",1573.000,187725.699
1902971,6563549.742,1840897.085,1,1902971,SONOCO2,Sonoco Products Company,142.000,16946.630
1901492,6564322.037,1860287.710,1,1901492,1_EL_409,"Livingston-Graham, Inc.",124.000,14798.466
8000188_8000187,6564448.794,1846116.205,2,8000188_8000187,SA3-1D_SA3-1S,BPOU Remedy,6963.000,830981.589
1900415,6566966.897,1877714.994,1,1900415,Banks,Doyle & Madruga (Banks),34.000,4057.644
1903062,6567159.741,1864477.421,1,1903062,IRWINDALE-2_BLU,Sully-Miller Contracting Co. (Blue Diamond Mat'l),17.000,2028.822
1900106,6567436.319,1864040.516,1,1900106,IRWINDALE-1_BLU,Sully-Miller Contracting Co. (Blue Diamond Mat'l),298.000,35564.055
1900364,6568179.958,1858101.074,1,1900364,2,Valley View Mutual Water Company,624.000,74469.699
8000216,6568641.741,1869079.574,1,8000216,B-V2,California American Water Co,1821.000,217322.630
8000190_8000189,6569095.522,1846923.000,2,8000190_8000189,SA3-2D_SA3-2S,BPOU Remedy,2682.000,320076.493
8000099,6569558.396,1837680.360,1,8000099,B9B,San Gabriel Valley Water Company,280.000,33415.890
8000203,6570177.571,1835582.298,1,8000203,B24A,San Gabriel Valley Water Company,116.000,13843.726
8000068,6570177.861,1835671.298,1,8000068,B7C,San Gabriel Valley Water Company,551.000,65757.699
8000122,6570193.229,1835477.245,1,8000122,B7E,San Gabriel Valley Water Company,175.000,20884.932
8000204,6570387.261,1835485.610,1,8000204,B24B,San Gabriel Valley Water Company,78.000,9308.712
8000108,6570882.060,1837874.032,1,8000108,B11B,San Gabriel Valley Water Company,875.000,104424.658
1901460,6571397.480,1846589.464,1,1901460,LaPuente_2,La Puente Valley County Water District,324.000,38666.959
8000077,6571465.969,1837535.116,1,8000077,147-W3,Suburban Water Systems,1927.000,229972.932
8000209,6571516.191,1846500.075,1,8000209,8000209,La Puente Valley County Water District,2882.000,343944.986
1902859,6571664.863,1846398.587,1,1902859,LaPuente3,La Puente Valley County Water District,57.000,6802.521
8000145,6571804.204,1843434.096,1,8000145,140-W5,Suburban Water Systems,1182.000,141062.795
1902356,6572474.310,1860952.033,1,1902356,JOANBRIDGE_WEST_-3WT,Valley County Water District,2753.000,328549.808
1900032,6572670.479,1861003.392,1,1900032,JOANBRIDGE_EAST_-6,Valley County Water District,1490.000,177820.274
1900028,6573315.015,1860858.284,1,1900028,WEST_MAINE-2,Valley County Water District,1052.000,125548.274
1900027,6573472.959,1860840.768,1,1900027,EAST_MAINE-1,Valley County Water District,1775.000,211832.877
1900354,6573752.443,1870816.864,1,1900354,SANTE_FE,California American Water Co-Duarte System,526.000,62774.137
8000207,6576388.923,1843011.100,1,8000207,151-W2,Suburban Water Systems,2907.000,346928.548
8000140,6577599.222,1874426.282,1,8000140,LAS_LOMAS_2,California American Water Co-Duarte System,297.000,35444.712
1903018,6577971.606,1872394.078,1,1903018,CROWN_HAVEN,California American Water Co-Duarte System,739.000,88194.082
1900883,6578096.302,1854786.634,1,1900883,BALDWIN_2,Covina Irrigating Company,1150.000,137243.836
8000060,6578115.503,1860990.597,1,8000060,SA1-3,Valley County Water District,2481.000,296088.658
1900882,6578175.295,1854784.376,1,1900882,BALDWIN_3,Covina Irrigating Company,1916.000,228660.164
1900885,6578237.589,1854874.173,1,1900885,BALDWIN_1,Covina Irrigating Company,278.000,33177.205
8000183,6578641.503,1845631.773,1,8000183,142-W2,Suburban Water Systems,2050.000,244652.055
1900497,6578812.190,1875950.312,1,1900497,BACON,California American Water Co-Duarte System,14.000,1670.795
8000070,6579063.599,1866545.502,1,8000070,SANTA_FE_1,"Los Angeles, County of",936.000,111704.548
8000075,6579587.007,1867906.822,1,8000075,1,Miller Brewing Company,402.000,47975.671
8000185,6579668.713,1861049.524,1,8000185,SA1-1,BPOU Remedy,2275.000,271504.110
8000184,6579796.667,1861035.106,1,8000184,13-E,"Glendora, City of",951.000,113494.685
8000139,6580418.299,1874446.081,1,8000139,ENCANTO_PKWY,California American Water Co-Duarte System,288.000,34370.630
1903088,6580610.966,1871271.469,1,1903088,01-REL,Conrock Company (also Ca. Portland Cement),421.000,50243.178
8000181,6580754.642,1845661.871,1,8000181,121-W1,Suburban Water Systems,1225.000,146194.521
1902907,6581482.483,1877266.589,1,1902907,WILEY,California American Water Company,2003.000,239042.959
1903119,6584364.223,1874725.208,1,1903119,1903119,Owl Rock Products Company,117.000,13963.068
8000149,6584764.155,1875318.900,1,8000149,05E,"Glendora, City of",1810.000,216009.863
8000086,6585940.583,1877294.050,1,8000086,03_OLD_08,"Azusa, City of (Azusa Light and Water)",2418.000,288570.082
8000072,6585973.682,1877631.940,1,8000072,01_OLD_07,"Azusa, City of (Azusa Light and Water)",1244.000,148462.027
1902458,6586199.072,1877444.206,1,1902458,04_OLD_2_SOUTH,Azusa Agricultural Water Co. (Azusa Light & Water),2171.000,259092.493
1900827,6587050.923,1875860.442,1,1900827,12G,"Glendora, City of",1878.000,224125.151
8000103,6587111.928,1863551.239,1,8000103,10_OLD_08,Azusa Valley Water Company (Azusa Light and,16.000,1909.479
1902116,6587150.125,1873462.133,1,1902116,07_OLD_05,Azusa Valley Water Company (Azusa Light and,296.000,35325.370
1900830,6587224.411,1876317.873,1,1900830,09E,"Glendora, City of",1931.000,230450.301
1900829,6587226.536,1876048.868,1,1900829,08E,"Glendora, City of",1305.000,155741.918
1902535,6587896.183,1874401.696,1,1902535,06_OLD_03,"Azusa, City of (Azusa Light and Water)",390.000,46543.562
1902115,6587938.100,1873453.565,1,1902115,08_OLD_04,Azusa Valley Water Company (Azusa Light and,36.000,4296.329
1902457,6588428.809,1874593.959,1,1902457,02_OLD_1_NORTH,Azusa Agricultural Water Co. (Azusa Light & Water),820.000,97860.822
8000178_1902533,6588894.850,1874913.439,2,8000178_1902533,WELL_11_05_OLD_01,"Azusa Light and Water | Azusa, City of (Azusa Light and Water)",2660.000,317450.959
8000179,6588997.121,1864836.093,1,8000179,WELL_12,Azusa Light and Water,1738.000,207417.205
8000051,6595325.554,1847401.379,1,8000051,1,Valencia Heights Water Company,1328.000,158486.795
8000212,6603879.197,1867313.656,1,8000212,HWY-2,Golden State Water Company,838.000,100008.986
1900826,6605887.090,1873754.123,1,1900826,11E,"Glendora, City of",381.000,45469.479
1900828,6606888.465,1874794.863,1,1900828,10E,"Glendora, City of",15.000,1790.137
1901526,6608052.143,1876546.071,1,1901526,02E,"Glendora, City of",173.000,20646.247
1902268,6608508.036,1864170.619,1,1902268,COL-4,Southern California Water Company-San Dimas,425.000,50720.548
1902149,6623555.977,1866286.803,1,1902149,BAS-4,Southern California Water Company-San Dimas,83.000,9905.425
1902842,6623605.807,1866852.641,1,1902842,ART_3,Southern California Water Company-San Dimas,9.000,1074.082
1902148,6624125.390,1866722.958,1,1902148,BAS-3,Southern California Water Company-San Dimas,421.000,50243.178
1902150,6624349.482,1867060.231,1,1902150,HWY_-INACTIVE,Southern California Water Company-San Dimas,473.000,56448.986
1902287,6626657.969,1870922.778,1,1902287,MALONE,Southern California Water Company-San Dimas,397.000,47378.959
