recordation_number,location_recordation_number,well_id,appendix_name,owner,x_stateplane_nad27_ca_zone7_ft,y_stateplane_nad27_ca_zone7_ft,ground_surface_ft_msl,production_2014_15_afy,gflow_pumping_ft3_day_positive_extraction,modflow_well_ft3_day_negative_extraction,production_pdf_page,location_pdf_page
1900038,11900038,2,2,"AZ-Two, Inc. (also Transit Mix #2)",4310778,4155956,531,0,0.000,-0.000,336,216
1902106,1902106,AR1,1,Adams Ranch Mutual Water Company,4267956,4144420,322,0,0.000,-0.000,336,216
1902689,1902689,AR2,2,Adams Ranch Mutual Water Company,4267924,4144416,323,0,0.000,-0.000,336,216
8000182,8000182,AR3,3,Adams Ranch Mutual Water Company,4267822,4144504,324,56,6683.178,-6683.178,336,216
1900012,1900012,10,10,"Alhambra, City of",4252640,4144352,428,0,0.000,-0.000,336,216
1903014,1903014,11,11,"Alhambra, City of",4255506,4148075,419,321,38308.932,-38308.932,336,216
1900013,1900013,12,12,"Alhambra, City of",4251813,4146120,439,43,5131.726,-5131.726,336,216
1900014,1900014,13,13,"Alhambra, City of",4254895,4143101,381,181,21600.986,-21600.986,336,216
1900015,1900015,14,14,"Alhambra, City of",4254802,4144213,367,866,103350.575,-103350.575,336,216
1900016,1900016,15,15,"Alhambra, City of",4257924,4140082,329,1353,161470.356,-161470.356,336,216
1903097,1903097,7,7,"Alhambra, City of",4253606,4146278,418,389,46424.219,-46424.219,336,216
1900010,1900010,8 MOELLER,MOELR (8),"Alhambra, City of",4253566,4146878,403,1702,203120.877,-203120.877,336,216
1900011,1900011,9,9,"Alhambra, City of",4251122,4150023,491,10,1193.425,-1193.425,336,216
1900018,1900018,GARFIELD,GARF,"Alhambra, City of",4247862,4149337,535,0,0.000,-0.000,336,216
1900017,1900017,LONGDEN 2,2 LON,"Alhambra, City of",4258156,4153994,499,1285,153355.068,-153355.068,336,216
1902789,1902789,LONGDEN-1,1 LON,"Alhambra, City of",4258151,4154394,501,1142,136289.096,-136289.096,336,216
1900791,1900791,1,1,Amarillo Mutual Water Company,4263872,4138289,287,180,21481.644,-21481.644,336,216
1900792,1900792,2,2,Amarillo Mutual Water Company,4263922,4138221,286,164,19572.164,-19572.164,336,216
8000177,8000177,02-ST. JOSEPH,2 STJ,"Arcadia, City of",4275705,4153222,375,40,4773.699,-4773.699,336,216
1902358,1902358,1-ST. JOSEPH,1 STJ,"Arcadia, City of",4280315,4164668,499,0,0.000,-0.000,336,216
8000213,8000213,3CAM,3 CAM,"Arcadia, City of",4279639,4157129,402,2394,285705.863,-285705.863,336,216
8000214,8000214,3LONG,3 LGY,"Arcadia, City of",4275914,4153003,378,2560,305516.712,-305516.712,336,216
1902791,1902791,BALDWIN 2,2 BAL,"Arcadia, City of",4272474,4150846,380,0,0.000,-0.000,336,216
1902077,1902077,CAMINO 1,1 CAM,"Arcadia, City of",4279782,4156931,404,0,0.000,-0.000,336,216
1902078,1902078,CAMINO 2,2 CAM,"Arcadia, City of",4279850,4156998,405,0,0.000,-0.000,336,216
8000127,8000127,LIVE OAK-1,1 LO,"Arcadia, City of",4282787,4151397,340,2179,260047.233,-260047.233,336,216
1901013,1901013,LONGDEN-1,1 LON,"Arcadia, City of",4285910,4154192,361,894,106692.164,-106692.164,336,216
1901014,1901014,LONGDEN-2,2 LON,"Arcadia, City of",4285729,4154226,364,109,13008.329,-13008.329,336,216
1902854,1902854,PECK 1,1 PEC,"Arcadia, City of",4285339,4150630,336,3834,457559.014,-457559.014,336,216
1902457,1902457,02 (OLD 1 NORTH),2,Azusa Agricultural Water Co. (Azusa Light & Water),4314590,4164866,680,820,97860.822,-97860.822,336,216
1902458,1902458,04 (OLD 2 SOUTH),4,Azusa Agricultural Water Co. (Azusa Light & Water),4312351,4167709,695,2171,259092.493,-259092.493,336,216
8000178,80001782,WELL 11,11,Azusa Light and Water,4315055,4165187,689,1711,204194.959,-204194.959,336,216
8000179,8000179,WELL 12,12,Azusa Light and Water,4315190,4155110,516,1738,207417.205,-207417.205,336,216
1902117,1902117,6,9,Azusa Valley Water Company,4313377,4154193,507,0,0.000,-0.000,336,216
1902425,1902425,7,AVWC 7,Azusa Valley Water Company,4313499,4153926,502,0,0.000,-0.000,336,216
1902116,1902116,07 (OLD 05),7,Azusa Valley Water Company (Azusa Light and,4313315,4163730,645,296,35325.370,-35325.370,336,216
1902115,1902115,08 (OLD 04),8,Azusa Valley Water Company (Azusa Light and,4314103,4163724,648,36,4296.329,-4296.329,336,216
8000103,8000103,10 (OLD 08),10,Azusa Valley Water Company (Azusa Light and,4313309,4153819,506,16,1909.479,-1909.479,336,216
8000072,8000072,01 (OLD 07),1,"Azusa, City of (Azusa Light and Water)",4312125,4167896,680,1244,148462.027,-148462.027,336,216
8000086,8000086,03 (OLD 08),3,"Azusa, City of (Azusa Light and Water)",4312093,4167558,682,2418,288570.082,-288570.082,336,217
1902533,1902533,05 (OLD 01),5,"Azusa, City of (Azusa Light and Water)",4315055,4165187,669,949,113256.000,-113256.000,336,216
1902535,1902535,06 (OLD 03),6,"Azusa, City of (Azusa Light and Water)",4314058,4164672,714,390,46543.562,-46543.562,336,216
1902536,1902536,GEN 1 (OLD 04),GENESIS 1,"Azusa, City of (Azusa Light and Water)",4314891,4155618,525,0,0.000,-0.000,336,216
1902537,1902537,GEN 2 (OLD 05),GENESIS 2,"Azusa, City of (Azusa Light and Water)",4312339,4158185,560,0,0.000,-0.000,336,216
1902538,19025382,GEN 3 (OLD 06),GENESIS 3,"Azusa, City of (Azusa Light and Water)",4315190,4155110,520,0,0.000,-0.000,336,216
8000185,8000185,SA1-1,SA1-1,BPOU Remedy,4305874,4151293,468,2275,271504.110,-271504.110,348,217
8000186,8000186,SA1-2,SA1-2,BPOU Remedy,4305093,4150245,447,0,0.000,-0.000,348,217
8000188,80001883,SA3-1D,B25B,BPOU Remedy,4290703,4136310,303,3922,468061.151,-468061.151,345,217
8000187,8000187,SA3-1S,B25A,BPOU Remedy,4290703,4136310,303,3041,362920.438,-362920.438,345,217
8000190,80001903,SA3-2D,B26B,BPOU Remedy,4295347,4137132,327,1870,223170.411,-223170.411,345,217
8000189,8000189,SA3-2S,B26A,BPOU Remedy,4295347,4137132,327,812,96906.082,-96906.082,345,217
1901202,1901202,3,3,Base Line Water Company,4354483,4155406,1121,0,0.000,-0.000,337,217
8000004,8000004,ROSEHILL,,Beverly Acres Mutual Water Company,4272939,4118220,215,0,0.000,-0.000,337,217
8000216,8000216,B-V2,B V 2,California American Water Co,4294821,4159287,450,1821,217322.630,-217322.630,337,217
1900497,11900497,BACON,BACON,California American Water Co-Duarte System,4304969,4166191,632,14,1670.795,-1670.795,337,217
1900355,1900355,BUENA VISTA,B V,California American Water Co-Duarte System,4295115,4159252,450,0,0.000,-0.000,337,217
1903018,1903018,CROWN HAVEN,CR HV,California American Water Co-Duarte System,4304140,4162632,577,739,88194.082,-88194.082,337,217
8000139,8000139,ENCANTO PKWY,ENCTO,California American Water Co-Duarte System,4306580,4164692,608,288,34370.630,-34370.630,337,217
8000140,8000140,LAS LOMAS 2,LASL 2,California American Water Co-Duarte System,4303761,4164663,587,297,35444.712,-35444.712,337,217
1900357,1900357,LOS LOMAS,LAS L,California American Water Co-Duarte System,4303751,4164527,591,0,0.000,-0.000,337,217
1900356,1900356,MT. AVE,MT AVE,California American Water Co-Duarte System,4290820,4157896,417,0,0.000,-0.000,337,217
1900354,1900354,SANTE FE,STA FE,California American Water Co-Duarte System,4299926,4161041,513,526,62774.137,-62774.137,337,217
1900923,1900923,1907 (IVAR #1),IVR-1,California American Water Co-San Marino System,4264962,4138494,275,0,0.000,-0.000,338,217
1900935,1900935,1925 (LONGDEN),LONG,California American Water Co-San Marino System,4257221,4154017,508,490,58477.808,-58477.808,338,218
1900934,1900934,1947 (ROANOKE),ROAN,California American Water Co-San Marino System,4250049,4153015,505,0,0.000,-0.000,338,218
1900926,1900926,1948 GRAND,GRAND,California American Water Co-San Marino System,4263977,4146048,369,1408,168034.192,-168034.192,338,217
1900920,1900920,1954 (MISSION VIEW),MISVW,California American Water Co-San Marino System,4268545,4149856,385,1826,217919.342,-217919.342,337,217
1900927,1900927,1957 ROSEMEAD,ROSE,California American Water Co-San Marino System,4264354,4145863,368,0,0.000,-0.000,338,217
1902424,1902424,1958 (HOWLAND),HOWL,California American Water Co-San Marino System,4272079,4145156,316,512,61103.342,-61103.342,338,218
1902867,1902867,1963 (IVAR 2),IVR-2,California American Water Co-San Marino System,4264908,4138568,275,0,0.000,-0.000,338,218
1903059,1903059,1968(DEL MAR),DELMAR,California American Water Co-San Marino System,4258220,4156643,545,1407,167914.849,-167914.849,338,218
1901441,1901441,BLUE RIBBON #1 (BR-1),BR-1,California American Water Co-San Marino System,4272226,4140701,272,0,0.000,-0.000,338,218
1902787,1902787,BLUE RIBBON #2 (BR-2),BR-2,California American Water Co-San Marino System,4271377,4140352,267,0,0.000,-0.000,338,218
1900918,1900918,GUESS,GUESS,California American Water Co-San Marino System,4265977,4142943,330,0,0.000,-0.000,337,217
8000175,8000175,HALL WELL 2,HALL-2,California American Water Co-San Marino System,4274650,4150811,280,1048,125070.904,-125070.904,338,218
1900924,1900924,MARIPOSA-1,MAR-1,California American Water Co-San Marino System,4272208,4148319,349,0,0.000,-0.000,338,217
1900925,1900925,MARIPOSA-2,MAR-2,California American Water Co-San Marino System,4272264,4148316,351,0,0.000,-0.000,338,217
1903019,1903019,MARIPOSA-3,MAR-3,California American Water Co-San Marino System,4272218,4148365,350,1344,160396.274,-160396.274,338,218
1900921,1900921,RICHARDSON-1,RIC-1,California American Water Co-San Marino System,4262638,4145785,370,0,0.000,-0.000,337,217
1902907,1902907,WILEY,WILEY,California American Water Company,4307635,4167516,,2003,239042.959,-239042.959,337,manual EPSG:3857 map coordinate
1902531,1902531,ARTESIAN 2,ARTES,California Country Club,4283202,4127220,292,0,0.000,-0.000,337,218
1902529,1902529,CLUB,CLUB,California Country Club,4283142,4126735,267,0,0.000,-0.000,337,218
1903084,1903084,SYCAMORE,SYC,California Country Club,4283083,4126745,250,0,0.000,-0.000,337,218
8000100,8000100,05A,5A,California Domestic Water Company,4285994,4136451,305,5440,649223.014,-649223.014,337,218
1901185,1901185,13N,13-N,California Domestic Water Company,4286496,4138154,340,0,0.000,-0.000,337,218
8000174,8000174,14,14,California Domestic Water Company,4285748,4134527,300,0,0.000,-0.000,337,218
1901181,1901181,2,2,California Domestic Water Company,4285479,4134123,295,1167,139272.658,-139272.658,337,218
1903057,1903057,3,3,California Domestic Water Company,4285828,4134755,292,6216,741832.767,-741832.767,337,218
1901183,1901183,5,5,California Domestic Water Company,4286257,4136149,300,0,0.000,-0.000,337,218
1902967,1902967,6,6,California Domestic Water Company,4286105,4136229,299,3026,361130.301,-361130.301,337,218
1903081,1903081,8,8,California Domestic Water Company,4285050,4134016,290,2919,348360.658,-348360.658,337,218
1901411,1901411,01 SOUTH,1,Cedar Avenue Mutual Water Company,4281836,4143160,310,0,0.000,-0.000,338,218
1900908,1900908,1,1,Champion Mutual Water Company,4286091,4144319,325,0,0.000,-0.000,338,218
1902816,1902816,2,2,Champion Mutual Water Company,4286091,4144296,327,1,119.342,-119.342,338,218
8000121,8000121,3,3,Champion Mutual Water Company,4285968,4144438,323,50,5967.123,-5967.123,338,218
1902581,1902581,1,1,City of Industry,4286394,4130643,286,0,0.000,-0.000,340,218
1902582,1902582,2,2,City of Industry,4286327,4130501,285,0,0.000,-0.000,340,218
8000078,8000078,3,3,City of Industry,4286474,4130779,285,0,0.000,-0.000,340,218
8000096,8000096,4,4,City of Industry,4286464,4130811,285,0,0.000,-0.000,340,218
8000097,8000097,5,5,City of Industry,4286221,4130303,285,1386,165408.658,-165408.658,340,218
1901055,1901055,CI2,2,Clayton Manufacturing Company,4269687,4143842,307,0,0.000,-0.000,338,218
8000170,8000170,MW-4,MW-4,Clayton Manufacturing Company,4269157,4143580,303,0,0.000,-0.000,338,218
1902920,1902920,E-DURBIN,E DUR,Conrock Company (also CALMAT),4291397,4143358,330,0,0.000,-0.000,338,218
8000063,8000063,W-DURBIN,W DUR,Conrock Company (also CALMAT),4291136,4143419,340,0,0.000,-0.000,338,218
1903088,1903088,01-REL,1 REL,Conrock Company (also Ca. Portland Cement),4306783,4161518,550,421,50243.178,-50243.178,338,218
1902814,1902814,1,1,Corcoran Brothers,4315386,4169271,800,0,0.000,-0.000,338,218
1900885,1900885,BALDWIN 1,1 BAL,Covina Irrigating Company,4304463,4145113,401,278,33177.205,-33177.205,339,218
1900883,1900883,BALDWIN 2,2 BAL,Covina Irrigating Company,4304322,4145025,402,1150,137243.836,-137243.836,339,218
1900882,1900882,BALDWIN 3,3 BAL,Covina Irrigating Company,4304401,4145023,401,1916,228660.164,-228660.164,339,218
1900881,1900881,CONTRACT,CONTR,Covina Irrigating Company,4313398,4153091,496,0,0.000,-0.000,339,218
1901686,1901686,02(GRAND AVE),2,"Covina, City of",4326305,4146721,620,0,0.000,-0.000,339,218
8000012,8000012,1,,Crown City Plating Co.,4271118,4143831,298,0,0.000,-0.000,339,218
1900331,1900331,BURKETT,BURKE,Del Rio Mutual Water Company,4281306,4129441,270,114,13605.041,-13605.041,339,218
1900332,1900332,KLINGERMAN,KLING,Del Rio Mutual Water Company,4281771,4130008,270,0,0.000,-0.000,339,219
1900415,1900415,Banks,,Doyle & Madruga (Banks),4293118,4167917,692,34,4057.644,-4057.644,337,219
1902924,1902924,DDairy1,1,Driftwood Dairy,4277458,4146146,303,0,0.000,-0.000,339,219
1900091,1900091,1910,1910,"Dunning, George",4341821,4152838,963,0,0.000,-0.000,339,219
11901508,11901508,9,9,"East Pasadena Water Company, Ltd.",4267883,4157603,503,1438,171614.466,-171614.466,339,219
1901699,1901699,10,10,"El Monte, City of",4277622,4139397,277,1059,126383.671,-126383.671,340,219
1901700,1901700,11,11,"El Monte, City of",4269775,4136816,316,0,0.000,-0.000,340,219
1903137,1903137,12,12,"El Monte, City of",4274576,4138901,269,0,0.000,-0.000,340,219
8000101,8000101,13,13,"El Monte, City of",4275213,4139990,279,737,87955.397,-87955.397,340,219
1901692,1901692,2A,2A,"El Monte, City of",4276548,4139222,285,486,58000.438,-58000.438,339,219
1901693,1901693,3,3,"El Monte, City of",4275636,4139909,286,0,0.000,-0.000,339,219
1901694,1901694,4,4,"El Monte, City of",4277074,4136593,273,0,0.000,-0.000,339,219
1901695,1901695,5,5,"El Monte, City of",4274821,4141766,285,0,0.000,-0.000,340,219
1902612,1902612,MTN. VIEW,MT VW,"El Monte, City of",4281290,4133235,280,0,0.000,-0.000,340,219
1901523,1901523,01E,1-E,"Glendora, City of",4334122,4166155,941,0,0.000,-0.000,340,219
1901526,1901526,02E,2-E,"Glendora, City of",4334207,4166882,968,173,20646.247,-20646.247,340,219
1901525,1901525,03G,3-G,"Glendora, City of",4312209,4151372,472,0,0.000,-0.000,340,219
1901524,1901524,04E,4-E,"Glendora, City of",4312293,4151359,472,0,0.000,-0.000,340,219
8000149,8000149,05E,5-E,"Glendora, City of",4310923,4165579,662,1810,216009.863,-216009.863,340,219
1900831,1900831,07G,7-G,"Glendora, City of",4312390,4156346,529,0,0.000,-0.000,340,219
1900829,1900829,08E,8-E,"Glendora, City of",4313383,4166317,681,1305,155741.918,-155741.918,340,219
1900830,1900830,09E,9-E,"Glendora, City of",4313380,4166586,681,1931,230450.301,-230450.301,340,219
1900828,1900828,10E,10-E,"Glendora, City of",4333049,4165127,910,15,1790.137,-1790.137,340,219
1900826,1900826,11E,11-E,"Glendora, City of",4332051,4164083,857,381,45469.479,-45469.479,340,219
1900827,1900827,12G,12-G,"Glendora, City of",4313208,4166128,681,1878,224125.151,-224125.151,340,219
8000184,8000184,13-E,13-E,"Glendora, City of",4306002,4151279,466,951,113494.685,-113494.685,340,219
8000212,8000212,HWY-2,HIGHWAY 2,Golden State Water Company,4330064,4157636,732,838,100008.986,-100008.986,345,219
8000028,8000028,NORTH,,"Green, Walter",4272890,4118688,230,0,0.000,-0.000,340,219
8000027,8000027,SOUTH,,"Green, Walter",4273229,4118850,219,0,0.000,-0.000,340,219
1901178,1901178,NORTH,NORTH,Hemlock Mutual Water Company,4285942,4147212,337,28,3341.589,-3341.589,340,219
1902806,1902806,SOUTH,SOUTH,Hemlock Mutual Water Company,4285929,4147139,337,47,5609.096,-5609.096,340,219
1902970,1902970,1902970,,"Kiyan, Hideo",4304306,4135071,366,0,0.000,-0.000,340,219
8000209,8000209,8000209,5,La Puente Valley County Water District,4297769,4136717,340,2882,343944.986,-343944.986,341,220
1901460,1901460,LaPuente 2,2,La Puente Valley County Water District,4297650,4136806,337,324,38666.959,-38666.959,341,219
1902859,1902859,LaPuente3,3,La Puente Valley County Water District,4297918,4136616,335,57,6802.521,-6802.521,341,219
8000062,8000062,LaPuente4,4,La Puente Valley County Water District,4297785,4136732,335,0,0.000,-0.000,341,220
1900961,1900961,1 DUARTE,1 DUA,"Livingston-Graham, Inc.",4293463,4157097,424,0,0.000,-0.000,341,220
1901492,1901492,1 EL (#409),1 EL,"Livingston-Graham, Inc.",4290530,4150481,365,124,14798.466,-14798.466,341,220
1901493,1901493,3 EL,3 EL,"Livingston-Graham, Inc.",4291160,4150746,367,0,0.000,-0.000,341,220
1903006,1903006,4 EL (#408),4 EL,"Livingston-Graham, Inc.",4290639,4150391,363,0,0.000,-0.000,341,220
8000150,8000150,3A,3A,"Los Angeles, County of",4265467,4128245,202,0,0.000,-0.000,341,220
8000070,8000070,SANTA FE 1,1 SF,"Los Angeles, County of",4305251,4156787,520,936,111704.548,-111704.548,341,220
1902579,1902579,WHITTIER 1,1 WHI,"Los Angeles, County of",4271282,4123690,219,0,0.000,-0.000,341,220
1902580,1902580,WHITTIER 2,2,"Los Angeles, County of",4271866,4125725,203,0,0.000,-0.000,341,220
1902663,1902663,WHITTIER 3,3,"Los Angeles, County of",4265163,4128827,220,0,0.000,-0.000,341,220
1902664,1902664,WHITTIER 4,4,"Los Angeles, County of",4265586,4130868,230,0,0.000,-0.000,341,220
1902665,1902665,WHITTIER 5,5,"Los Angeles, County of",4265865,4132900,226,0,0.000,-0.000,341,220
1902666,1902666,WHITTIER 6,6,"Los Angeles, County of",4264115,4130458,233,0,0.000,-0.000,341,220
8000088,8000088,BIG RED,B RED,"Los Angeles, County of (WN Nature Center)",4274198,4124823,223,0,0.000,-0.000,341,220
8000089,8000089,NEW LAKES,N LK,"Los Angeles, County of (WN Nature Center)",4270617,4122445,216,0,0.000,-0.000,341,220
8000128,8000128,8000128,EO8A,"Los Angeles, County of, Sanitation District #18",4283063,4122621,300,0,0.000,-0.000,338,220
8000130,8000130,8000130,E10A,"Los Angeles, County of, Sanitation District #18",4284468,4122833,300,0,0.000,-0.000,338,220
8000131,8000131,8000131,E11A,"Los Angeles, County of, Sanitation District #18",4284741,4122932,300,0,0.000,-0.000,338,220
11902098,11902098,1-LO,1-LO,Los Flores Mutual Water Company,4273755,4133629,257,0,0.000,-0.000,341,220
21902098,11902098,1-LO,1-HI,Los Flores Mutual Water Company,4273755,4133629,257,0,0.000,-0.000,341,220
1900117,1900117,36230,36230,Manning Brothers,4309599,4148991,453,0,0.000,-0.000,341,220
8000109,8000109,1,1,Maple Water Company,4305665,4129691,350,0,0.000,-0.000,342,220
1900042,1900042,W-2,2,Maple Water Company,4305649,4129723,352,0,0.000,-0.000,342,220
1900694,1900694,3,3,Metropolitan Water District,4349818,4158755,1160,0,0.000,-0.000,342,220
8000075,8000075,1,1,Miller Brewing Company,4305770,4158150,549,402,47975.671,-47975.671,342,220
8000034,8000034,8000034,,Miller Brewing Company,4312994,4162695,626,0,0.000,-0.000,342,220
1902589,1902589,1,1,"Mnoian, Paul, et al. (also B&B RED-I-MIX)",4289942,4153273,372,0,0.000,-0.000,337,220
1900417,1900417,1,1,"Monrovia, City of",4286851,4153765,364,0,0.000,-0.000,342,220
1900418,1900418,2,2,"Monrovia, City of",4286860,4153762,368,27,3222.247,-3222.247,342,220
1900419,1900419,3,3,"Monrovia, City of",4287262,4155168,371,1670,199301.918,-199301.918,342,220
1900420,1900420,4,4,"Monrovia, City of",4288722,4155000,378,1573,187725.699,-187725.699,342,220
1940104,1940104,5,5,"Monrovia, City of",4287688,4154212,370,1435,171256.438,-171256.438,342,220
8000171,8000171,6,6,"Monrovia, City of",4287377,4155257,368,2178,259927.890,-259927.890,342,220
1900453,1900453,1,1,"Monterey Park, City of",4261517,4134762,263,97,11576.219,-11576.219,342,220
8000196,8000196,15,15,"Monterey Park, City of",4266010,4133301,250,1879,224244.493,-224244.493,342,221
1900454,1900454,2,2,"Monterey Park, City of",4261734,4134736,263,0,0.000,-0.000,342,220
1900455,1900455,3,3,"Monterey Park, City of",4261704,4134410,261,0,0.000,-0.000,342,220
1900456,1900456,4,4,"Monterey Park, City of",4261749,4134078,260,0,0.000,-0.000,342,220
1900457,1900457,5,5,"Monterey Park, City of",4261041,4133621,259,1169,139511.342,-139511.342,342,220
1900458,1900458,6,6,"Monterey Park, City of",4261204,4133459,257,0,0.000,-0.000,342,220
8000195,8000195,8000195,201W7,"Monterey Park, City of",4272609,4121594,250,4521,539547.288,-539547.288,346,221
8000126,8000126,FERN,FERN,"Monterey Park, City of",4261604,4134171,256,271,32341.808,-32341.808,342,221
1902818,1902818,MP10,10,"Monterey Park, City of",4260786,4134689,269,1444,172330.521,-172330.521,342,220
1903033,1903033,MP12,12,"Monterey Park, City of",4264426,4132494,232,2743,327356.384,-327356.384,342,220
1903092,1903092,MP14,14,"Monterey Park, City of",4262210,4131783,248,0,0.000,-0.000,342,221
1902372,1902372,MP7,7,"Monterey Park, City of",4264877,4133954,239,0,0.000,-0.000,342,220
1902373,1902373,MP8,8,"Monterey Park, City of",4265741,4133965,233,0,0.000,-0.000,342,220
1902690,1902690,MP9,9,"Monterey Park, City of",4264570,4133098,233,537,64086.904,-64086.904,342,220
1900043,1900043,1900043,,Owl Rock Products Company,4287522,4154138,360,0,0.000,-0.000,342,221
1902241,1902241,1902241,,Owl Rock Products Company,4295308,4152257,405,0,0.000,-0.000,343,221
1903119,1903119,1903119,VULCAN,Owl Rock Products Company,4310525,4164984,635,117,13963.068,-13963.068,336,221
1903119,1903119,1903119,,Owl Rock Products Company,4310525,4164984,635,0,0.000,-0.000,343,221
1902169,1902169,1,1,"Polopolus, et al.",4301521,4148709,414,0,0.000,-0.000,343,221
8000138,8000138,QVH-1,,Queen of the Valley Hospital,4304669,4136143,362,0,0.000,-0.000,343,221
1901521,1901521,1 SOUTH,1 SOUTH,Richwood Mutual Water Company,4282530,4141059,307,0,0.000,-0.000,343,221
1901522,1901522,2 NORTH,2 NORTH,Richwood Mutual Water Company,4282546,4141322,296,0,0.000,-0.000,343,221
1900094,1900094,1,1,Rose Hills Memorial Park Association,4272801,4117962,217,326,38905.644,-38905.644,343,221
1900095,11900095,2,2,Rose Hills Memorial Park Association,4273894,4120008,206,0,0.000,-0.000,343,221
1900052,1900052,3,3,Rose Hills Memorial Park Association,4273696,4119770,220,0,0.000,-0.000,343,221
1902790,1902790,4,4,Rose Hills Memorial Park Association,4273192,4119470,221,187,22317.041,-22317.041,343,221
1900120,1900120,1 NORTH,1-NORTH,Rurban Homes Mutual Water Company,4286515,4146038,330,174,20765.589,-20765.589,343,221
1900121,1900121,2 SOUTH,2-SOUTH,Rurban Homes Mutual Water Company,4286383,4145842,331,0,0.000,-0.000,343,221
1900547,1900547,SGCC1,1,San Gabriel Country Club,4258044,4153526,498,29,3460.932,-3460.932,344,221
1902979,1902979,SGCC2,2,San Gabriel Country Club,4258247,4153568,495,229,27329.425,-27329.425,344,221
1902786,1902786,10,10,San Gabriel County Water District,4260772,4148456,398,0,0.000,-0.000,344,221
1902786,1902786,10,1,San Gabriel County Water District,4260772,4148456,398,0,0.000,-0.000,345,221
8000067,8000067,11,11,San Gabriel County Water District,4261358,4145831,370,459,54778.192,-54778.192,344,221
8000067,8000067,11,,San Gabriel County Water District,4261358,4145831,370,0,0.000,-0.000,347,221
8000123,8000123,12,12,San Gabriel County Water District,4261511,4145461,368,1283,153116.384,-153116.384,344,221
8000133,8000133,14,14,San Gabriel County Water District,4257405,4140980,322,947,113017.315,-113017.315,344,221
1901671,1901671,7,7,San Gabriel County Water District,4256856,4154564,516,0,0.000,-0.000,344,221
1901672,1901672,8,8,San Gabriel County Water District,4253426,4150060,429,0,0.000,-0.000,344,221
1902785,1902785,9,9,San Gabriel County Water District,4259679,4150715,438,1526,182116.603,-182116.603,344,221
1901669,1901669,BRA 5,5 BRA,San Gabriel County Water District,4261372,4145526,369,0,0.000,-0.000,344,221
1900739,41900739,11A,11A,San Gabriel Valley Water Company,4281414,4127946,249,1543,184145.425,-184145.425,344,222
1900745,41900745,11B,11B,San Gabriel Valley Water Company,4281121,4127801,249,1201,143330.301,-143330.301,344,222
8000083,480000832,11B7,11B7,San Gabriel Valley Water Company,4281414,4127946,278,0,0.000,-0.000,344,222
1902713,41902713,11C,11C,San Gabriel Valley Water Company,4280919,4127706,251,725,86523.288,-86523.288,344,222
1900729,11900729,1B,1B,San Gabriel Valley Water Company,4285018,4144062,320,305,36399.452,-36399.452,344,221
8000081,180000812,1B4,1B4,San Gabriel Valley Water Company,4285018,4144062,340,0,0.000,-0.000,344,221
8000082,180000822,1B5,1B5,San Gabriel Valley Water Company,4285025,4144049,340,0,0.000,-0.000,344,221
1902946,11902946,1C,1C,San Gabriel Valley Water Company,4285025,4144049,320,50,5967.123,-5967.123,344,221
8000102,18000102,1D,1D,San Gabriel Valley Water Company,4284958,4144190,320,2778,331533.370,-331533.370,344,222
8000172,8000172,1E,1E,San Gabriel Valley Water Company,4284876,4144058,319,1787,213264.986,-213264.986,344,221
1900749,21900749,2C,2C,San Gabriel Valley Water Company,4279836,4147043,309,0,0.000,-0.000,344,222
1902857,21902857,2D,2D,San Gabriel Valley Water Company,4279877,4146673,311,816,97383.452,-97383.452,344,222
8000065,28000065,2E,2E,San Gabriel Valley Water Company,4279829,4147050,313,1362,162544.438,-162544.438,344,222
8000197,8000197,8000197,2F,San Gabriel Valley Water Company,4279871,4146702,305,617,73634.301,-73634.301,344,221
1900736,31900736,8A,8A,San Gabriel Valley Water Company,4266996,4134665,239,0,0.000,-0.000,344,222
1900746,31900746,8B,8B,San Gabriel Valley Water Company,4266967,4134621,232,7,835.397,-835.397,344,222
1900747,31900747,8C,8C,San Gabriel Valley Water Company,4266903,4134575,237,1077,128531.836,-128531.836,344,222
1903103,319031032,8D,8D,San Gabriel Valley Water Company,4267299,4135122,240,1727,206104.438,-206104.438,344,222
8000113,8000113,8E,8E,San Gabriel Valley Water Company,4267299,4135122,239,52,6205.808,-6205.808,344,221
8000169,8000169,8F,8F,San Gabriel Valley Water Company,4267166,4134979,248,39,4654.356,-4654.356,344,221
1902635,81902635,B1,B1,San Gabriel Valley Water Company,4277875,4123479,245,0,0.000,-0.000,344,222
1901439,91901439,B11A,B11A,San Gabriel Valley Water Company,4297156,4128099,312,0,0.000,-0.000,344,222
1901439,91901439,B11A,5,San Gabriel Valley Water Company,4297156,4128099,312,0,0.000,-0.000,347,222
8000108,98000108,B11B,B11B,San Gabriel Valley Water Company,4297163,4128089,314,875,104424.658,-104424.658,344,222
1902525,81902525,B2,B2,San Gabriel Valley Water Company,4276981,4124340,240,0,0.000,-0.000,344,222
8000203,8000203,B24A,B24A,San Gabriel Valley Water Company,4296466,4125795,305,116,13843.726,-13843.726,345,221
8000204,8000204,B24B,B24B,San Gabriel Valley Water Company,4296676,4125699,305,78,9308.712,-9308.712,345,221
1902858,51902858,B4B,B4B,San Gabriel Valley Water Company,4292285,4135486,339,0,0.000,-0.000,344,222
1902947,51902947,B4C,B4C,San Gabriel Valley Water Company,4292367,4135460,315,0,0.000,-0.000,344,222
1900718,61900718,B5A,B5A,San Gabriel Valley Water Company,4287188,4132736,286,0,0.000,-0.000,344,222
1900719,619007192,B5B,B5B,San Gabriel Valley Water Company,4287347,4132799,284,3522,420324.164,-420324.164,344,222
8000112,8000112,B5C,B5C,San Gabriel Valley Water Company,4287277,4132958,285,0,0.000,-0.000,344,221
8000160,8000160,B5D,B5D,San Gabriel Valley Water Company,4287303,4132609,294,88,10502.137,-10502.137,344,221
8000205,8000205,B5E,B5E,San Gabriel Valley Water Company,4287347,4132799,284,4705,561506.301,-561506.301,345,221
1900721,71900721,B6B,B6B,San Gabriel Valley Water Company,4296976,4137358,335,0,0.000,-0.000,344,222
1903093,71903093,B6C,B6C,San Gabriel Valley Water Company,4297151,4137289,340,0,0.000,-0.000,344,222
8000098,78000098,B6D,B6D,San Gabriel Valley Water Company,4297332,4137521,340,0,0.000,-0.000,344,222
8000068,98000068,B7C,B7C,San Gabriel Valley Water Company,4296466,4125884,305,551,65757.699,-65757.699,344,222
8000122,8000122,B7E,B7E,San Gabriel Valley Water Company,4296482,4125690,305,175,20884.932,-20884.932,344,221
1901436,91901436,B8,B8,San Gabriel Valley Water Company,4297076,4126460,308,0,0.000,-0.000,344,222
1901436,91901436,B8,2,San Gabriel Valley Water Company,4297076,4126460,308,0,0.000,-0.000,347,222
1901437,91901437,B9,B9,San Gabriel Valley Water Company,4295890,4127839,307,0,0.000,-0.000,344,222
1901437,91901437,B9,3,San Gabriel Valley Water Company,4295890,4127839,307,0,0.000,-0.000,347,222
8000099,98000099,B9B,B9B,San Gabriel Valley Water Company,4295840,4127891,307,280,33415.890,-33415.890,344,222
1900725,1900725,G4A,G4A,San Gabriel Valley Water Company,4263211,4137608,281,216,25777.973,-25777.973,344,221
1902971,19029712,SONOCO2,2,Sonoco Products Company,4289821,4131088,298,142,16946.630,-16946.630,345,222
1901679,1901679,GRAVES 2,GRAV 2,"South Pasadena, City of",4248149,4152541,551,244,29119.562,-29119.562,345,222
1901681,1901681,WILSON 2,2 WIL,"South Pasadena, City of",4255209,4150986,479,0,0.000,-0.000,345,222
1901682,1901682,WILSON 3,3 WIL,"South Pasadena, City of",4255088,4151673,490,2556,305039.342,-305039.342,345,222
1903086,1903086,WILSON 4,4 WIL,"South Pasadena, City of",4255079,4151660,485,909,108482.301,-108482.301,345,222
8000046,8000046,110 RH (NORTH),110RH,Southern California Edison Company,4293807,4150633,380,0,0.000,-0.000,345,222
1900343,1900343,2EB76,2EB76,Southern California Edison Company,4262309,4138078,289,0,0.000,-0.000,345,222
1900344,11900344,38EIS,38EIS,Southern California Edison Company,4261860,4132017,298,0,0.000,-0.000,345,222
1900344,11900344,38EIS,38W,Southern California Edison Company,4261860,4132017,298,0,0.000,-0.000,345,222
8000047,8000047,MURATA,MURAT,Southern California Edison Company,4289240,4144439,260,0,0.000,-0.000,345,222
1900510,1900510,1SG,1 S G,Southern California Water Company - San Gabriel,4260820,4134104,264,1521,181519.890,-181519.890,345,222
1900511,1900511,2SG,2 S G,Southern California Water Company - San Gabriel,4260692,4134128,260,491,58597.151,-58597.151,346,222
8000111,8000111,4JEF,4 JEF,Southern California Water Company - San Gabriel,4286403,4155358,374,889,106095.452,-106095.452,346,223
1902020,1902020,AZUSA 1,1 AZU,Southern California Water Company - San Gabriel,4274858,4145692,305,0,0.000,-0.000,346,223
1902144,1902144,EARLE 1,1,Southern California Water Company - San Gabriel,4262285,4135150,263,0,0.000,-0.000,337,223
1902144,1902144,EARLE 1,1 EAR,Southern California Water Company - San Gabriel,4262285,4135150,263,0,0.000,-0.000,346,223
1902024,1902024,ENCINITAS 1,1 ENC,Southern California Water Company - San Gabriel,4267805,4144707,332,500,59671.233,-59671.233,346,223
1902035,1902035,ENCINITAS 2,2 ENC,Southern California Water Company - San Gabriel,4267710,4144735,331,653,77930.630,-77930.630,346,223
8000073,8000073,ENCINITAS 3,3 ENC,Southern California Water Company - San Gabriel,4267591,4144760,331,691,82465.644,-82465.644,346,223
1902034,1902034,FARNA 1,1 FAR,Southern California Water Company - San Gabriel,4281250,4148627,327,349,41650.521,-41650.521,346,223
1902948,1902948,FARNA 2,2 FAR,Southern California Water Company - San Gabriel,4280959,4148748,325,104,12411.616,-12411.616,346,223
1900513,1900513,GARVEY 1,1 GAR,Southern California Water Company - San Gabriel,4261465,4135231,265,0,0.000,-0.000,346,222
1900512,1900512,GARVEY 2,2 GAR,Southern California Water Company - San Gabriel,4261471,4135150,266,0,0.000,-0.000,346,222
1902032,1902032,GIDLEY 1,1 GID,Southern California Water Company - San Gabriel,4275046,4143128,288,0,0.000,-0.000,346,223
1902031,1902031,GIDLEY 2,2 GID,Southern California Water Company - San Gabriel,4274879,4143142,288,0,0.000,-0.000,346,223
1902030,1902030,GRAYDON 1,1 GRA,Southern California Water Company - San Gabriel,4286239,4158588,403,0,0.000,-0.000,346,223
1902461,1902461,GRAYDON 2 - STANDBY,2 GRA,Southern California Water Company - San Gabriel,4286361,4158570,403,0,0.000,-0.000,346,223
1902017,1902017,JEFFERIES 1,1 JEF,Southern California Water Company - San Gabriel,4286395,4155246,373,0,0.000,-0.000,346,222
1902018,1902018,JEFFERIES 2,2 JEF,Southern California Water Company - San Gabriel,4286460,4155273,373,0,0.000,-0.000,346,223
1902019,1902019,JEFFERIES 3,3 JEF,Southern California Water Company - San Gabriel,4286306,4155271,369,0,0.000,-0.000,346,223
1902027,1902027,PERSIMMON 1,1 PER,Southern California Water Company - San Gabriel,4277573,4146443,314,44,5251.068,-5251.068,346,223
1900515,1900515,SAXON 1,1 SAX,Southern California Water Company - San Gabriel,4259178,4139075,307,0,0.000,-0.000,346,222
1900514,1900514,SAXON 3,3 SAX,Southern California Water Company - San Gabriel,4259048,4139266,310,145,17304.658,-17304.658,346,222
8000146,8000146,SAXON 4,4 SAX,Southern California Water Company - San Gabriel,4259037,4139139,177,362,43201.973,-43201.973,346,223
1902152,1902152,ART 2 HIGHWAY WELL,ART-2,Southern California Water Company-San Dimas,4350482,4157674,1060,0,0.000,-0.000,345,223
1902842,1902842,ART 3,ART-3,Southern California Water Company-San Dimas,4349792,4157239,1060,9,1074.082,-1074.082,345,223
1902148,1902148,BAS-3,BAS-3,Southern California Water Company-San Dimas,4350312,4157111,1090,421,50243.178,-50243.178,345,223
1902149,1902149,BAS-4,BAS-4,Southern California Water Company-San Dimas,4349744,4156673,1060,83,9905.425,-9905.425,345,223
1902268,1902268,COL-4,COL-4,Southern California Water Company-San Dimas,4334703,4154508,785,425,50720.548,-50720.548,345,223
1902267,1902267,COLUMBIA 2,COL-2,Southern California Water Company-San Dimas,4343229,4155860,957,0,0.000,-0.000,345,223
1902270,1902270,COLUMBIA 6,COL-6,Southern California Water Company-San Dimas,4334723,4154285,796,0,0.000,-0.000,345,223
1902271,1902271,COLUMBIA 7,COL-7,Southern California Water Company-San Dimas,4336660,4153732,822,0,0.000,-0.000,345,223
1902272,1902272,COLUMBIA 8,COL-8,Southern California Water Company-San Dimas,4342884,4154913,930,0,0.000,-0.000,345,223
1902150,1902150,HWY -INACTIVE,HIGHWAY,Southern California Water Company-San Dimas,4350535,4157449,1060,473,56448.986,-56448.986,345,223
1902287,31902287,MALONE,MALON,Southern California Water Company-San Dimas,4352831,4161319,1155,397,47378.959,-47378.959,345,223
8000132,8000132,NEW SOUTH,NEW SO,Sterling Mutual Water Company,4284442,4141452,313,54,6444.493,-6444.493,346,223
1902096,1902096,NORTH,NORTH,Sterling Mutual Water Company,4284365,4141529,316,59,7041.205,-7041.205,346,223
1902085,1902085,SOUTH,SOUTH,Sterling Mutual Water Company,4284352,4141500,315,0,0.000,-0.000,346,223
1901605,41901605,101-W1,101W1,Suburban Water Systems,4310366,4133404,398,0,0.000,-0.000,346,224
1901606,1901606,102-W2,102,Suburban Water Systems,4308007,4132080,370,0,0.000,-0.000,345,223
1901607,41901607,103-W1,103W1,Suburban Water Systems,4320576,4136977,466,0,0.000,-0.000,346,224
1901608,1901608,105-W1,105W1,Suburban Water Systems,4303685,4129021,342,0,0.000,-0.000,346,224
1901612,1901612,113-W1,113W1,Suburban Water Systems,4301171,4132566,338,0,0.000,-0.000,346,224
1901613,1901613,114-W1,114W1,Suburban Water Systems,4314469,4138463,435,0,0.000,-0.000,346,224
1901615,1901615,120-W1,120W1,Suburban Water Systems,4306478,4130803,365,0,0.000,-0.000,346,224
8000181,8000181,121-W1,121W1,Suburban Water Systems,4307010,4135909,380,1225,146194.521,-146194.521,346,224
1901616,1901616,122-W1,122W1,Suburban Water Systems,4306084,4128557,351,0,0.000,-0.000,346,224
1901617,1901617,123-W1,123W1,Suburban Water Systems,4299726,4115263,335,0,0.000,-0.000,346,224
1901618,1901618,124-W1,124W1,Suburban Water Systems,4308290,4132084,379,0,0.000,-0.000,346,224
1901619,1901619,125-W1,125W1,Suburban Water Systems,4318698,4137071,460,0,0.000,-0.000,346,224
8000087,8000087,125W2,125W2,Suburban Water Systems,4318707,4137104,458,0,0.000,-0.000,346,224
8000092,8000092,126-W2,126W2,Suburban Water Systems,4320185,4137537,462,0,0.000,-0.000,346,224
1901621,1901621,131-W1,131W1,Suburban Water Systems,4302560,4115687,342,0,0.000,-0.000,346,224
1901622,1901622,133-W1,133W1,Suburban Water Systems,4317139,4137526,445,0,0.000,-0.000,346,224
1901623,1901623,134-W1,134W1,Suburban Water Systems,4299230,4128910,322,0,0.000,-0.000,346,224
1901624,1901624,135-W1,135W1,Suburban Water Systems,4313071,4134424,412,0,0.000,-0.000,346,224
1901625,1901625,136-W1,136W1,Suburban Water Systems,4303741,4116208,344,0,0.000,-0.000,346,224
1901598,1901598,139-W1,139W1,Suburban Water Systems,4302934,4139553,370,0,0.000,-0.000,346,223
1901599,1901599,139-W2,139W2,Suburban Water Systems,4303011,4139489,373,0,0.000,-0.000,346,223
1901600,1901600,139-W3,139W3,Suburban Water Systems,4302793,4139597,372,0,0.000,-0.000,346,223
8000069,8000069,139-W4,139W4,Suburban Water Systems,4302775,4139715,370,0,0.000,-0.000,346,224
8000095,8000095,139-W5,139W5,Suburban Water Systems,4302684,4139658,371,0,0.000,-0.000,346,224
8000152,8000152,139-W6,139W6,Suburban Water Systems,4303152,4138956,363,0,0.000,-0.000,346,224
1901602,1901602,140-W1,140W1,Suburban Water Systems,4298249,4133653,334,0,0.000,-0.000,346,223
1903067,1903067,140-W3,140W3,Suburban Water Systems,4298256,4133653,334,0,0.000,-0.000,346,224
8000093,8000093,140-W4,140W4,Suburban Water Systems,4298242,4133660,332,0,0.000,-0.000,346,224
8000145,8000145,140-W5,140W5,Suburban Water Systems,4298067,4133652,331,1182,141062.795,-141062.795,346,224
1901597,1901597,142-W1,142W1,Suburban Water Systems,4305524,4135488,374,0,0.000,-0.000,346,223
8000183,8000183,142-W2,142W2,Suburban Water Systems,4304897,4135872,370,2050,244652.055,-244652.055,346,224
1901596,1901596,147-W1,147W1,Suburban Water Systems,4298148,4127547,313,0,0.000,-0.000,346,223
1902760,1902760,147-W2,147W2,Suburban Water Systems,4298158,4127541,308,0,0.000,-0.000,346,224
8000077,8000077,147-W3,147W3,Suburban Water Systems,4297748,4127752,310,1927,229972.932,-229972.932,346,224
1901604,1901604,148-W1,148W1,Suburban Water Systems,4316568,4137013,443,0,0.000,-0.000,346,223
1902119,1902119,149-W1,149W1,Suburban Water Systems,4300329,4135732,347,0,0.000,-0.000,346,224
1902519,1902519,150-W1,150W1,Suburban Water Systems,4299677,4130859,325,0,0.000,-0.000,346,224
1902518,11902518,151-W1,151W1,Suburban Water Systems,4302732,4133394,350,0,0.000,-0.000,346,224
1902518,11902518,151-W1,151W1,Suburban Water Systems,4302732,4133394,350,0,0.000,-0.000,346,224
8000207,8000207,151-W2,151W2,Suburban Water Systems,4302653,4133244,348,2907,346928.548,-346928.548,347,224
1900337,1900337,152-W1,152W1,Suburban Water Systems,4298350,4128429,265,0,0.000,-0.000,346,223
1902762,1902762,154-W1,154W1,Suburban Water Systems,4303032,4135823,361,0,0.000,-0.000,346,224
1902819,31902819,155W1 (VICTORIA WATER,155W1,Suburban Water Systems,4301103,4117457,328,0,0.000,-0.000,346,224
1902820,31902820,155W2 (VICTORIA WATER,155W2,Suburban Water Systems,4301318,4117414,330,0,0.000,-0.000,346,224
1902763,1902763,157-W1,157W1,Suburban Water Systems,4301112,4134065,339,0,0.000,-0.000,346,224
1901429,1901429,201-W1,201W1,Suburban Water Systems,4273397,4122014,218,0,0.000,-0.000,346,223
1901430,1901430,201-W2,201W2,Suburban Water Systems,4272940,4121832,218,0,0.000,-0.000,346,223
1901433,11901433,201-W4,201W4,Suburban Water Systems,4272407,4120875,229,0,0.000,-0.000,346,224
1901432,1901432,201-W5,201W5,Suburban Water Systems,4272213,4120324,210,0,0.000,-0.000,346,223
1901434,1901434,201-W6,201W6,Suburban Water Systems,4273829,4121831,225,0,0.000,-0.000,346,223
8000208,8000208,201-W9,201W9,Suburban Water Systems,4272476,4121177,250,1725,205865.753,-205865.753,347,224
8000210,8000210,201W10,201W10,Suburban Water Systems,4272213,4121184,250,765,91296.986,-91296.986,347,224
1901627,1901627,202-W1,202W1,Suburban Water Systems,4285493,4134793,296,0,0.000,-0.000,346,224
8000198,8000198,8000198,201W8,Suburban Water Systems,4273227,4121862,250,2366,282364.274,-282364.274,347,224
1900035,1900035,9 (BIG DALTON),B DAL,Suburban Water Systems,4300513,4141268,365,0,0.000,-0.000,347,223
1900106,1900106,IRWINDALE-1 (BLU,IRW-1,Sully-Miller Contracting Co. (Blue Diamond Mat'l),4293632,4154244,400,298,35564.055,-35564.055,347,224
1903062,1903062,IRWINDALE-2 (BLU,IRW-2,Sully-Miller Contracting Co. (Blue Diamond Mat'l),4293354,4154680,406,17,2028.822,-2028.822,347,224
8000048,8000048,10,10,Sunny Slope Water Company,4267467,4153774,456,0,0.000,-0.000,347,225
8000157,8000157,13,13,Sunny Slope Water Company,4263307,4153761,471,416,49646.466,-49646.466,347,225
1900026,1900026,8,8,Sunny Slope Water Company,4263086,4156231,503,1305,155741.918,-155741.918,347,224
1902792,1902792,9,9,Sunny Slope Water Company,4263100,4155939,496,516,61580.712,-61580.712,347,224
1900001,1900001,14,14,"Texaco, Inc.",4270043,4123597,218,0,0.000,-0.000,347,225
8000051,8000051,1,1,Valencia Heights Water Company,4321575,4137696,472,1328,158486.795,-158486.795,347,225
1900029,1900029,(MORADA) 3,MORADA,Valley County Water District,4309825,4152020,490,0,0.000,-0.000,347,225
8000039,8000039,11-PALM AVE,,Valley County Water District,4296660,4144742,360,0,0.000,-0.000,343,225
8000039,8000039,11-PALM AVE,PALM,Valley County Water District,4296660,4144742,360,0,0.000,-0.000,348,225
1900034,1900034,8 (ARROW HWY),ARROW,Valley County Water District,4304376,4151315,456,0,0.000,-0.000,347,225
1900027,1900027,EAST MAINE-1,E MAIN,Valley County Water District,4299679,4151064,424,1775,211832.877,-211832.877,347,225
1900032,1900032,JOANBRIDGE EAST -6,E JOAN (NIXON),Valley County Water District,4298876,4151224,410,1490,177820.274,-177820.274,347,225
1902356,1902356,JOANBRIDGE WEST -3WT,W JOAN (NIXON),Valley County Water District,4298680,4151172,423,2753,328549.808,-328549.808,348,225
1900031,1900031,PADDY LANE 5,PADDY,Valley County Water District,4297147,4139872,344,0,0.000,-0.000,347,225
8000060,8000060,SA1-3,LANTE,Valley County Water District,4304321,4151229,452,2481,296088.658,-296088.658,348,225
1900028,1900028,WEST MAINE-2,W MAIN,Valley County Water District,4299521,4151081,424,1052,125548.274,-125548.274,347,225
1900363,1900363,1,1,Valley View Mutual Water Company,4294398,4148340,370,0,0.000,-0.000,348,225
1900364,1900364,2,2,Valley View Mutual Water Company,4294395,4148307,370,624,74469.699,-74469.699,348,225
1900365,1900365,3,3,Valley View Mutual Water Company,4294336,4148289,371,0,0.000,-0.000,348,225
1903012,1903012,1,1,"Via, H.",4292847,4137951,340,0,0.000,-0.000,348,225
1901747,1901747,11,11,"Whittier, City of",4271187,4121994,213,0,0.000,-0.000,348,225
1901748,1901748,12,12,"Whittier, City of",4271370,4121192,214,0,0.000,-0.000,348,225
1901749,1901749,13,13,"Whittier, City of",4272226,4123238,215,262,31267.726,-31267.726,348,225
8000071,8000071,15,15,"Whittier, City of",4271731,4123170,217,974,116239.562,-116239.562,348,225
8000110,8000110,16,16,"Whittier, City of",4271727,4122397,213,3556,424381.808,-424381.808,348,225
8000135,8000135,17,17,"Whittier, City of",4271406,4122547,220,0,0.000,-0.000,348,225
8000136,8000136,18,18,"Whittier, City of",4271150,4122013,220,0,0.000,-0.000,349,225
1901745,1901745,9,9,"Whittier, City of",4271460,4122511,213,0,0.000,-0.000,348,225
1902951,1902951,3,3,"Woodland Farms, Inc.",4285804,4131397,291,0,0.000,-0.000,349,225
1903072,1903072,5R,5R,"Woodland Farms, Inc.",4285070,4129910,292,122,14559.781,-14559.781,349,225
