"recordation_number","location_recordation_number","well_id","appendix_name","owner","x_stateplane_nad27_ca_zone7_ft","y_stateplane_nad27_ca_zone7_ft","ground_surface_ft_msl","production_2014_15_afy","gflow_pumping_ft3_day_positive_extraction","modflow_well_ft3_day_negative_extraction","production_pdf_page","location_pdf_page"
"8000182","8000182","AR3","3","Adams Ranch Mutual Water Company","4267822","4144504","324","56","6683.178","-6683.178","336","216"
"1903014","1903014","11","11","Alhambra, City of","4255506","4148075","419","321","38308.932","-38308.932","336","216"
"1900013","1900013","12","12","Alhambra, City of","4251813","4146120","439","43","5131.726","-5131.726","336","216"
"1900014","1900014","13","13","Alhambra, City of","4254895","4143101","381","181","21600.986","-21600.986","336","216"
"1900015","1900015","14","14","Alhambra, City of","4254802","4144213","367","866","103350.575","-103350.575","336","216"
"1900016","1900016","15","15","Alhambra, City of","4257924","4140082","329","1353","161470.356","-161470.356","336","216"
"1903097","1903097","7","7","Alhambra, City of","4253606","4146278","418","389","46424.219","-46424.219","336","216"
"1900010","1900010","8 MOELLER","MOELR (8)","Alhambra, City of","4253566","4146878","403","1702","203120.877","-203120.877","336","216"
"1900011","1900011","9","9","Alhambra, City of","4251122","4150023","491","10","1193.425","-1193.425","336","216"
"1900017","1900017","LONGDEN 2","2 LON","Alhambra, City of","4258156","4153994","499","1285","153355.068","-153355.068","336","216"
"1902789","1902789","LONGDEN-1","1 LON","Alhambra, City of","4258151","4154394","501","1142","136289.096","-136289.096","336","216"
"1900791","1900791","1","1","Amarillo Mutual Water Company","4263872","4138289","287","180","21481.644","-21481.644","336","216"
"1900792","1900792","2","2","Amarillo Mutual Water Company","4263922","4138221","286","164","19572.164","-19572.164","336","216"
"8000177","8000177","02-ST. JOSEPH","2 STJ","Arcadia, City of","4275705","4153222","375","40","4773.699","-4773.699","336","216"
"8000213","8000213","3CAM","3 CAM","Arcadia, City of","4279639","4157129","402","2394","285705.863","-285705.863","336","216"
"8000214","8000214","3LONG","3 LGY","Arcadia, City of","4275914","4153003","378","2560","305516.712","-305516.712","336","216"
"8000127","8000127","LIVE OAK-1","1 LO","Arcadia, City of","4282787","4151397","340","2179","260047.233","-260047.233","336","216"
"1901013","1901013","LONGDEN-1","1 LON","Arcadia, City of","4285910","4154192","361","894","106692.164","-106692.164","336","216"
"1901014","1901014","LONGDEN-2","2 LON","Arcadia, City of","4285729","4154226","364","109","13008.329","-13008.329","336","216"
"1902854","1902854","PECK 1","1 PEC","Arcadia, City of","4285339","4150630","336","3834","457559.014","-457559.014","336","216"
"1902457","1902457","02 (OLD 1 NORTH)","2","Azusa Agricultural Water Co. (Azusa Light & Water)","4314590","4164866","680","820","97860.822","-97860.822","336","216"
"1902458","1902458","04 (OLD 2 SOUTH)","4","Azusa Agricultural Water Co. (Azusa Light & Water)","4312351","4167709","695","2171","259092.493","-259092.493","336","216"
"8000178","80001782","WELL 11","11","Azusa Light and Water","4315055","4165187","689","1711","204194.959","-204194.959","336","216"
"8000179","8000179","WELL 12","12","Azusa Light and Water","4315190","4155110","516","1738","207417.205","-207417.205","336","216"
"1902116","1902116","07 (OLD 05)","7","Azusa Valley Water Company (Azusa Light and","4313315","4163730","645","296","35325.370","-35325.370","336","216"
"1902115","1902115","08 (OLD 04)","8","Azusa Valley Water Company (Azusa Light and","4314103","4163724","648","36","4296.329","-4296.329","336","216"
"8000103","8000103","10 (OLD 08)","10","Azusa Valley Water Company (Azusa Light and","4313309","4153819","506","16","1909.479","-1909.479","336","216"
"8000072","8000072","01 (OLD 07)","1","Azusa, City of (Azusa Light and Water)","4312125","4167896","680","1244","148462.027","-148462.027","336","216"
"8000086","8000086","03 (OLD 08)","3","Azusa, City of (Azusa Light and Water)","4312093","4167558","682","2418","288570.082","-288570.082","336","217"
"1902533","1902533","05 (OLD 01)","5","Azusa, City of (Azusa Light and Water)","4315055","4165187","669","949","113256.000","-113256.000","336","216"
"1902535","1902535","06 (OLD 03)","6","Azusa, City of (Azusa Light and Water)","4314058","4164672","714","390","46543.562","-46543.562","336","216"
"8000185","8000185","SA1-1","SA1-1","BPOU Remedy","4305874","4151293","468","2275","271504.110","-271504.110","348","217"
"8000188","80001883","SA3-1D","B25B","BPOU Remedy","4290703","4136310","303","3922","468061.151","-468061.151","345","217"
"8000187","8000187","SA3-1S","B25A","BPOU Remedy","4290703","4136310","303","3041","362920.438","-362920.438","345","217"
"8000190","80001903","SA3-2D","B26B","BPOU Remedy","4295347","4137132","327","1870","223170.411","-223170.411","345","217"
"8000189","8000189","SA3-2S","B26A","BPOU Remedy","4295347","4137132","327","812","96906.082","-96906.082","345","217"
"8000216","8000216","B-V2","B V 2","California American Water Co","4294821","4159287","450","1821","217322.630","-217322.630","337","217"
"1900497","11900497","BACON","BACON","California American Water Co-Duarte System","4304969","4166191","632","14","1670.795","-1670.795","337","217"
"1903018","1903018","CROWN HAVEN","CR HV","California American Water Co-Duarte System","4304140","4162632","577","739","88194.082","-88194.082","337","217"
"8000139","8000139","ENCANTO PKWY","ENCTO","California American Water Co-Duarte System","4306580","4164692","608","288","34370.630","-34370.630","337","217"
"8000140","8000140","LAS LOMAS 2","LASL 2","California American Water Co-Duarte System","4303761","4164663","587","297","35444.712","-35444.712","337","217"
"1900354","1900354","SANTE FE","STA FE","California American Water Co-Duarte System","4299926","4161041","513","526","62774.137","-62774.137","337","217"
"1900935","1900935","1925 (LONGDEN)","LONG","California American Water Co-San Marino System","4257221","4154017","508","490","58477.808","-58477.808","338","218"
"1900926","1900926","1948 GRAND","GRAND","California American Water Co-San Marino System","4263977","4146048","369","1408","168034.192","-168034.192","338","217"
"1900920","1900920","1954 (MISSION VIEW)","MISVW","California American Water Co-San Marino System","4268545","4149856","385","1826","217919.342","-217919.342","337","217"
"1902424","1902424","1958 (HOWLAND)","HOWL","California American Water Co-San Marino System","4272079","4145156","316","512","61103.342","-61103.342","338","218"
"1903059","1903059","1968(DEL MAR)","DELMAR","California American Water Co-San Marino System","4258220","4156643","545","1407","167914.849","-167914.849","338","218"
"8000175","8000175","HALL WELL 2","HALL-2","California American Water Co-San Marino System","4274650","4150811","280","1048","125070.904","-125070.904","338","218"
"1903019","1903019","MARIPOSA-3","MAR-3","California American Water Co-San Marino System","4272218","4148365","350","1344","160396.274","-160396.274","338","218"
"8000100","8000100","05A","5A","California Domestic Water Company","4285994","4136451","305","5440","649223.014","-649223.014","337","218"
"1901181","1901181","2","2","California Domestic Water Company","4285479","4134123","295","1167","139272.658","-139272.658","337","218"
"1903057","1903057","3","3","California Domestic Water Company","4285828","4134755","292","6216","741832.767","-741832.767","337","218"
"1902967","1902967","6","6","California Domestic Water Company","4286105","4136229","299","3026","361130.301","-361130.301","337","218"
"1903081","1903081","8","8","California Domestic Water Company","4285050","4134016","290","2919","348360.658","-348360.658","337","218"
"1902816","1902816","2","2","Champion Mutual Water Company","4286091","4144296","327","1","119.342","-119.342","338","218"
"8000121","8000121","3","3","Champion Mutual Water Company","4285968","4144438","323","50","5967.123","-5967.123","338","218"
"8000097","8000097","5","5","City of Industry","4286221","4130303","285","1386","165408.658","-165408.658","340","218"
"1903088","1903088","01-REL","1 REL","Conrock Company (also Ca. Portland Cement)","4306783","4161518","550","421","50243.178","-50243.178","338","218"
"1900885","1900885","BALDWIN 1","1 BAL","Covina Irrigating Company","4304463","4145113","401","278","33177.205","-33177.205","339","218"
"1900883","1900883","BALDWIN 2","2 BAL","Covina Irrigating Company","4304322","4145025","402","1150","137243.836","-137243.836","339","218"
"1900882","1900882","BALDWIN 3","3 BAL","Covina Irrigating Company","4304401","4145023","401","1916","228660.164","-228660.164","339","218"
"1900331","1900331","BURKETT","BURKE","Del Rio Mutual Water Company","4281306","4129441","270","114","13605.041","-13605.041","339","218"
"1900415","1900415","Banks","","Doyle & Madruga (Banks)","4293118","4167917","692","34","4057.644","-4057.644","337","219"
"11901508","11901508","9","9","East Pasadena Water Company, Ltd.","4267883","4157603","503","1438","171614.466","-171614.466","339","219"
"1901699","1901699","10","10","El Monte, City of","4277622","4139397","277","1059","126383.671","-126383.671","340","219"
"8000101","8000101","13","13","El Monte, City of","4275213","4139990","279","737","87955.397","-87955.397","340","219"
"1901692","1901692","2A","2A","El Monte, City of","4276548","4139222","285","486","58000.438","-58000.438","339","219"
"1901526","1901526","02E","2-E","Glendora, City of","4334207","4166882","968","173","20646.247","-20646.247","340","219"
"8000149","8000149","05E","5-E","Glendora, City of","4310923","4165579","662","1810","216009.863","-216009.863","340","219"
"1900829","1900829","08E","8-E","Glendora, City of","4313383","4166317","681","1305","155741.918","-155741.918","340","219"
"1900830","1900830","09E","9-E","Glendora, City of","4313380","4166586","681","1931","230450.301","-230450.301","340","219"
"1900828","1900828","10E","10-E","Glendora, City of","4333049","4165127","910","15","1790.137","-1790.137","340","219"
"1900826","1900826","11E","11-E","Glendora, City of","4332051","4164083","857","381","45469.479","-45469.479","340","219"
"1900827","1900827","12G","12-G","Glendora, City of","4313208","4166128","681","1878","224125.151","-224125.151","340","219"
"8000184","8000184","13-E","13-E","Glendora, City of","4306002","4151279","466","951","113494.685","-113494.685","340","219"
"8000212","8000212","HWY-2","HIGHWAY 2","Golden State Water Company","4330064","4157636","732","838","100008.986","-100008.986","345","219"
"1901178","1901178","NORTH","NORTH","Hemlock Mutual Water Company","4285942","4147212","337","28","3341.589","-3341.589","340","219"
"1902806","1902806","SOUTH","SOUTH","Hemlock Mutual Water Company","4285929","4147139","337","47","5609.096","-5609.096","340","219"
"8000209","8000209","8000209","5","La Puente Valley County Water District","4297769","4136717","340","2882","343944.986","-343944.986","341","220"
"1901460","1901460","LaPuente 2","2","La Puente Valley County Water District","4297650","4136806","337","324","38666.959","-38666.959","341","219"
"1902859","1902859","LaPuente3","3","La Puente Valley County Water District","4297918","4136616","335","57","6802.521","-6802.521","341","219"
"1901492","1901492","1 EL (#409)","1 EL","Livingston-Graham, Inc.","4290530","4150481","365","124","14798.466","-14798.466","341","220"
"8000070","8000070","SANTA FE 1","1 SF","Los Angeles, County of","4305251","4156787","520","936","111704.548","-111704.548","341","220"
"8000075","8000075","1","1","Miller Brewing Company","4305770","4158150","549","402","47975.671","-47975.671","342","220"
"1900418","1900418","2","2","Monrovia, City of","4286860","4153762","368","27","3222.247","-3222.247","342","220"
"1900419","1900419","3","3","Monrovia, City of","4287262","4155168","371","1670","199301.918","-199301.918","342","220"
"1900420","1900420","4","4","Monrovia, City of","4288722","4155000","378","1573","187725.699","-187725.699","342","220"
"1940104","1940104","5","5","Monrovia, City of","4287688","4154212","370","1435","171256.438","-171256.438","342","220"
"8000171","8000171","6","6","Monrovia, City of","4287377","4155257","368","2178","259927.890","-259927.890","342","220"
"1900453","1900453","1","1","Monterey Park, City of","4261517","4134762","263","97","11576.219","-11576.219","342","220"
"8000196","8000196","15","15","Monterey Park, City of","4266010","4133301","250","1879","224244.493","-224244.493","342","221"
"1900457","1900457","5","5","Monterey Park, City of","4261041","4133621","259","1169","139511.342","-139511.342","342","220"
"8000195","8000195","8000195","201W7","Monterey Park, City of","4272609","4121594","250","4521","539547.288","-539547.288","346","221"
"8000126","8000126","FERN","FERN","Monterey Park, City of","4261604","4134171","256","271","32341.808","-32341.808","342","221"
"1902818","1902818","MP10","10","Monterey Park, City of","4260786","4134689","269","1444","172330.521","-172330.521","342","220"
"1903033","1903033","MP12","12","Monterey Park, City of","4264426","4132494","232","2743","327356.384","-327356.384","342","220"
"1902690","1902690","MP9","9","Monterey Park, City of","4264570","4133098","233","537","64086.904","-64086.904","342","220"
"1903119","1903119","1903119","VULCAN","Owl Rock Products Company","4310525","4164984","635","117","13963.068","-13963.068","336","221"
"1900094","1900094","1","1","Rose Hills Memorial Park Association","4272801","4117962","217","326","38905.644","-38905.644","343","221"
"1902790","1902790","4","4","Rose Hills Memorial Park Association","4273192","4119470","221","187","22317.041","-22317.041","343","221"
"1900120","1900120","1 NORTH","1-NORTH","Rurban Homes Mutual Water Company","4286515","4146038","330","174","20765.589","-20765.589","343","221"
"1900547","1900547","SGCC1","1","San Gabriel Country Club","4258044","4153526","498","29","3460.932","-3460.932","344","221"
"1902979","1902979","SGCC2","2","San Gabriel Country Club","4258247","4153568","495","229","27329.425","-27329.425","344","221"
"8000067","8000067","11","11","San Gabriel County Water District","4261358","4145831","370","459","54778.192","-54778.192","344","221"
"8000123","8000123","12","12","San Gabriel County Water District","4261511","4145461","368","1283","153116.384","-153116.384","344","221"
"8000133","8000133","14","14","San Gabriel County Water District","4257405","4140980","322","947","113017.315","-113017.315","344","221"
"1902785","1902785","9","9","San Gabriel County Water District","4259679","4150715","438","1526","182116.603","-182116.603","344","221"
"1900739","41900739","11A","11A","San Gabriel Valley Water Company","4281414","4127946","249","1543","184145.425","-184145.425","344","222"
"1900745","41900745","11B","11B","San Gabriel Valley Water Company","4281121","4127801","249","1201","143330.301","-143330.301","344","222"
"1902713","41902713","11C","11C","San Gabriel Valley Water Company","4280919","4127706","251","725","86523.288","-86523.288","344","222"
"1900729","11900729","1B","1B","San Gabriel Valley Water Company","4285018","4144062","320","305","36399.452","-36399.452","344","221"
"1902946","11902946","1C","1C","San Gabriel Valley Water Company","4285025","4144049","320","50","5967.123","-5967.123","344","221"
"8000102","18000102","1D","1D","San Gabriel Valley Water Company","4284958","4144190","320","2778","331533.370","-331533.370","344","222"
"8000172","8000172","1E","1E","San Gabriel Valley Water Company","4284876","4144058","319","1787","213264.986","-213264.986","344","221"
"1902857","21902857","2D","2D","San Gabriel Valley Water Company","4279877","4146673","311","816","97383.452","-97383.452","344","222"
"8000065","28000065","2E","2E","San Gabriel Valley Water Company","4279829","4147050","313","1362","162544.438","-162544.438","344","222"
"8000197","8000197","8000197","2F","San Gabriel Valley Water Company","4279871","4146702","305","617","73634.301","-73634.301","344","221"
"1900746","31900746","8B","8B","San Gabriel Valley Water Company","4266967","4134621","232","7","835.397","-835.397","344","222"
"1900747","31900747","8C","8C","San Gabriel Valley Water Company","4266903","4134575","237","1077","128531.836","-128531.836","344","222"
"1903103","319031032","8D","8D","San Gabriel Valley Water Company","4267299","4135122","240","1727","206104.438","-206104.438","344","222"
"8000113","8000113","8E","8E","San Gabriel Valley Water Company","4267299","4135122","239","52","6205.808","-6205.808","344","221"
"8000169","8000169","8F","8F","San Gabriel Valley Water Company","4267166","4134979","248","39","4654.356","-4654.356","344","221"
"8000108","98000108","B11B","B11B","San Gabriel Valley Water Company","4297163","4128089","314","875","104424.658","-104424.658","344","222"
"8000203","8000203","B24A","B24A","San Gabriel Valley Water Company","4296466","4125795","305","116","13843.726","-13843.726","345","221"
"8000204","8000204","B24B","B24B","San Gabriel Valley Water Company","4296676","4125699","305","78","9308.712","-9308.712","345","221"
"1900719","619007192","B5B","B5B","San Gabriel Valley Water Company","4287347","4132799","284","3522","420324.164","-420324.164","344","222"
"8000160","8000160","B5D","B5D","San Gabriel Valley Water Company","4287303","4132609","294","88","10502.137","-10502.137","344","221"
"8000205","8000205","B5E","B5E","San Gabriel Valley Water Company","4287347","4132799","284","4705","561506.301","-561506.301","345","221"
"8000068","98000068","B7C","B7C","San Gabriel Valley Water Company","4296466","4125884","305","551","65757.699","-65757.699","344","222"
"8000122","8000122","B7E","B7E","San Gabriel Valley Water Company","4296482","4125690","305","175","20884.932","-20884.932","344","221"
"8000099","98000099","B9B","B9B","San Gabriel Valley Water Company","4295840","4127891","307","280","33415.890","-33415.890","344","222"
"1900725","1900725","G4A","G4A","San Gabriel Valley Water Company","4263211","4137608","281","216","25777.973","-25777.973","344","221"
"1902971","19029712","SONOCO2","2","Sonoco Products Company","4289821","4131088","298","142","16946.630","-16946.630","345","222"
"1901679","1901679","GRAVES 2","GRAV 2","South Pasadena, City of","4248149","4152541","551","244","29119.562","-29119.562","345","222"
"1901682","1901682","WILSON 3","3 WIL","South Pasadena, City of","4255088","4151673","490","2556","305039.342","-305039.342","345","222"
"1903086","1903086","WILSON 4","4 WIL","South Pasadena, City of","4255079","4151660","485","909","108482.301","-108482.301","345","222"
"1900510","1900510","1SG","1 S G","Southern California Water Company - San Gabriel","4260820","4134104","264","1521","181519.890","-181519.890","345","222"
"1900511","1900511","2SG","2 S G","Southern California Water Company - San Gabriel","4260692","4134128","260","491","58597.151","-58597.151","346","222"
"8000111","8000111","4JEF","4 JEF","Southern California Water Company - San Gabriel","4286403","4155358","374","889","106095.452","-106095.452","346","223"
"1902024","1902024","ENCINITAS 1","1 ENC","Southern California Water Company - San Gabriel","4267805","4144707","332","500","59671.233","-59671.233","346","223"
"1902035","1902035","ENCINITAS 2","2 ENC","Southern California Water Company - San Gabriel","4267710","4144735","331","653","77930.630","-77930.630","346","223"
"8000073","8000073","ENCINITAS 3","3 ENC","Southern California Water Company - San Gabriel","4267591","4144760","331","691","82465.644","-82465.644","346","223"
"1902034","1902034","FARNA 1","1 FAR","Southern California Water Company - San Gabriel","4281250","4148627","327","349","41650.521","-41650.521","346","223"
"1902948","1902948","FARNA 2","2 FAR","Southern California Water Company - San Gabriel","4280959","4148748","325","104","12411.616","-12411.616","346","223"
"1902027","1902027","PERSIMMON 1","1 PER","Southern California Water Company - San Gabriel","4277573","4146443","314","44","5251.068","-5251.068","346","223"
"1900514","1900514","SAXON 3","3 SAX","Southern California Water Company - San Gabriel","4259048","4139266","310","145","17304.658","-17304.658","346","222"
"8000146","8000146","SAXON 4","4 SAX","Southern California Water Company - San Gabriel","4259037","4139139","177","362","43201.973","-43201.973","346","223"
"1902842","1902842","ART 3","ART-3","Southern California Water Company-San Dimas","4349792","4157239","1060","9","1074.082","-1074.082","345","223"
"1902148","1902148","BAS-3","BAS-3","Southern California Water Company-San Dimas","4350312","4157111","1090","421","50243.178","-50243.178","345","223"
"1902149","1902149","BAS-4","BAS-4","Southern California Water Company-San Dimas","4349744","4156673","1060","83","9905.425","-9905.425","345","223"
"1902268","1902268","COL-4","COL-4","Southern California Water Company-San Dimas","4334703","4154508","785","425","50720.548","-50720.548","345","223"
"1902150","1902150","HWY -INACTIVE","HIGHWAY","Southern California Water Company-San Dimas","4350535","4157449","1060","473","56448.986","-56448.986","345","223"
"1902287","31902287","MALONE","MALON","Southern California Water Company-San Dimas","4352831","4161319","1155","397","47378.959","-47378.959","345","223"
"8000132","8000132","NEW SOUTH","NEW SO","Sterling Mutual Water Company","4284442","4141452","313","54","6444.493","-6444.493","346","223"
"1902096","1902096","NORTH","NORTH","Sterling Mutual Water Company","4284365","4141529","316","59","7041.205","-7041.205","346","223"
"8000181","8000181","121-W1","121W1","Suburban Water Systems","4307010","4135909","380","1225","146194.521","-146194.521","346","224"
"8000145","8000145","140-W5","140W5","Suburban Water Systems","4298067","4133652","331","1182","141062.795","-141062.795","346","224"
"8000183","8000183","142-W2","142W2","Suburban Water Systems","4304897","4135872","370","2050","244652.055","-244652.055","346","224"
"8000077","8000077","147-W3","147W3","Suburban Water Systems","4297748","4127752","310","1927","229972.932","-229972.932","346","224"
"8000207","8000207","151-W2","151W2","Suburban Water Systems","4302653","4133244","348","2907","346928.548","-346928.548","347","224"
"8000208","8000208","201-W9","201W9","Suburban Water Systems","4272476","4121177","250","1725","205865.753","-205865.753","347","224"
"8000210","8000210","201W10","201W10","Suburban Water Systems","4272213","4121184","250","765","91296.986","-91296.986","347","224"
"8000198","8000198","8000198","201W8","Suburban Water Systems","4273227","4121862","250","2366","282364.274","-282364.274","347","224"
"1900106","1900106","IRWINDALE-1 (BLU","IRW-1","Sully-Miller Contracting Co. (Blue Diamond Mat'l)","4293632","4154244","400","298","35564.055","-35564.055","347","224"
"1903062","1903062","IRWINDALE-2 (BLU","IRW-2","Sully-Miller Contracting Co. (Blue Diamond Mat'l)","4293354","4154680","406","17","2028.822","-2028.822","347","224"
"8000157","8000157","13","13","Sunny Slope Water Company","4263307","4153761","471","416","49646.466","-49646.466","347","225"
"1900026","1900026","8","8","Sunny Slope Water Company","4263086","4156231","503","1305","155741.918","-155741.918","347","224"
"1902792","1902792","9","9","Sunny Slope Water Company","4263100","4155939","496","516","61580.712","-61580.712","347","224"
"8000051","8000051","1","1","Valencia Heights Water Company","4321575","4137696","472","1328","158486.795","-158486.795","347","225"
"1900027","1900027","EAST MAINE-1","E MAIN","Valley County Water District","4299679","4151064","424","1775","211832.877","-211832.877","347","225"
"1900032","1900032","JOANBRIDGE EAST -6","E JOAN (NIXON)","Valley County Water District","4298876","4151224","410","1490","177820.274","-177820.274","347","225"
"1902356","1902356","JOANBRIDGE WEST -3WT","W JOAN (NIXON)","Valley County Water District","4298680","4151172","423","2753","328549.808","-328549.808","348","225"
"8000060","8000060","SA1-3","LANTE","Valley County Water District","4304321","4151229","452","2481","296088.658","-296088.658","348","225"
"1900028","1900028","WEST MAINE-2","W MAIN","Valley County Water District","4299521","4151081","424","1052","125548.274","-125548.274","347","225"
"1900364","1900364","2","2","Valley View Mutual Water Company","4294395","4148307","370","624","74469.699","-74469.699","348","225"
"1901749","1901749","13","13","Whittier, City of","4272226","4123238","215","262","31267.726","-31267.726","348","225"
"8000071","8000071","15","15","Whittier, City of","4271731","4123170","217","974","116239.562","-116239.562","348","225"
"8000110","8000110","16","16","Whittier, City of","4271727","4122397","213","3556","424381.808","-424381.808","348","225"
"1903072","1903072","5R","5R","Woodland Farms, Inc.","4285070","4129910","292","122","14559.781","-14559.781","349","225"
